,hydropathy,FCR,Pscore,PLAAC,catGRANULE,espritz disprot,LCD,deepcoil,phos freq,IF,hSaPS,hPdPS
B0L3A2,0.4887581699346405,0.1647058823529411,,-0.38799999999999996,-1.13316,0.0705882352941176,0.0,0.000423529411764706,,,0.07556895,0.07583643
P0DTE7,0.4515981735159816,0.2093933463796477,2.49,-0.08199999999999999,1.52542,0.0,0.0,0.0002113502935420744,,,0.25579986,0.34402534
P0DTE8,0.4515981735159816,0.2093933463796477,2.49,-0.08199999999999999,1.52542,0.0,0.0,0.0002113502935420744,,,0.25579986,0.34402534
P0DUB6,0.4515981735159816,0.2093933463796477,2.49,-0.08199999999999999,1.52542,0.0,0.0,0.0002113502935420744,0.0136986301369863,,0.17453782,0.267355
A0A1B0GTB2,0.5462962962962963,0.2291666666666666,,,-1.12195,1.0,0.2916666666666667,0.015958333333333338,,,0.15833756,0.08686192
C0HLU2,0.4997584541062801,0.21739130434782603,,,-1.61937,1.0,0.0,0.0004130434782608696,,,0.16042045,0.09269577
C0HM02,0.5166666666666666,0.1923076923076923,,,-2.6278,1.0,0.0,0.0,,,0.16042045,0.10297505
P0DUQ2,0.5010925151092523,0.2280334728033473,0.3,-0.397,-0.9109309999999999,0.0,0.0585774058577405,0.0009435146443514647,,,0.14094616,0.08086432
Q5TEC6,0.434885620915032,0.3088235294117647,,-0.40399999999999997,-0.568017,0.4485294117647059,0.0,0.0003970588235294118,,,0.06967999,0.626707
A0A075B6L2,0.4960784313725483,0.1932773109243697,,-0.43,-0.9294549999999999,0.0,0.0,9.243697478991595e-05,,,0.09837669,0.11327467
A0A075B6L6,0.4677294685990334,0.208695652173913,,-0.325,0.0813833,0.8086956521739129,0.0869565217391304,8.695652173913044e-05,,,0.0751868,0.04701114
A0A087X0K7,0.4628654970760237,0.1842105263157894,,-0.23399999999999999,-0.9895209999999999,0.4122807017543859,0.0,2.631578947368421e-05,,,0.066421114,0.08101199
A0A0A0MS01,0.4769374416433234,0.2352941176470588,,-0.44,-1.19022,0.0336134453781512,0.0,0.00024369747899159663,,,0.077095255,0.1411086
A0A0A0MS02,0.4677113010446346,0.1709401709401709,,-0.312,-0.649171,0.0,0.0,8.547008547008547e-05,,,0.07211139,0.07624977
A0A0A0MS03,0.4735867446393765,0.1491228070175438,,-0.121,-0.211675,0.0,0.1403508771929824,0.0006228070175438598,,,0.07265934,0.07682066
A0A0A0MS04,0.4876218323586748,0.1491228070175438,,-0.24,-0.821069,0.0,0.0,0.0,,,0.076466516,0.070555024
A0A0A0MS05,0.4805068226120861,0.1228070175438596,,-0.06,0.0440894,0.0,0.0,0.00020175438596491227,,,0.13769574,0.11982658
A0A0A0MS06,0.4597101449275359,0.1826086956521739,,-0.32299999999999995,-0.9212389999999999,0.2956521739130435,0.1043478260869565,0.00011304347826086956,,,0.062750444,0.07363174
A0A0A6YYK4,0.4615458937198063,0.208695652173913,,-0.233,0.203246,0.6695652173913044,0.0,6.956521739130436e-05,,,0.07861836,0.07465522
A0A3B3IS91,0.4625641025641029,0.1961538461538461,3.3,-0.128,1.4877,0.2653846153846154,0.7423076923076923,0.0001,,,0.34072712,0.23891029
A0A3B3IT33,0.4572517207472949,0.24557522123893802,1.39,-0.381,-0.277442,0.0,0.0199115044247787,0.1858075221238938,,,0.1121423,0.22061506
A0A455ZAR2,0.4277139208173689,0.2298850574712643,,-0.436,0.0222816,1.0,0.2528735632183908,0.0,,,0.10979028,0.114214376
A0A494C1R9,0.4431705590941254,0.2770700636942675,0.06,-0.33899999999999997,-0.144879,0.0318471337579617,0.1401273885350318,0.0011942675159235668,,,0.092539445,0.30390057
C0HLV8,0.4956989247311828,0.1935483870967742,,,-2.05023,1.0,0.3225806451612903,,,,0.14811435,0.09681696
C0HLZ6,0.3932914046121592,0.2264150943396226,,,0.8343010000000001,1.0,0.0,,,,0.17059231,0.30711013
C0HM01,0.3917057902973395,0.38028169014084495,,-0.753,-0.900558,1.0,0.2957746478873239,0.1898450704225352,,,0.079282805,0.37103707
G5E9R7,0.5241607565011831,0.0468085106382978,4.58,-0.19899999999999998,-3.70825,0.2170212765957447,0.8,,,,0.270518,0.09705578
P0DUH7,0.4702614379084969,0.2058823529411764,,,-3.52426,1.0,0.0,0.0016470588235294116,,,0.11032604,0.093224
P0DW28,0.4366666666666668,0.2538461538461538,,-0.218,-0.698929,0.5153846153846153,0.5307692307692308,0.0,,,0.069167174,0.2892001
A0A075B734,0.5400576368876089,0.13256484149855902,0.78,-0.146,-0.0294038,0.0,0.0374639769452449,0.00407492795389049,,,0.15387319,0.057728134
A0A096LPK9,0.6004922644163161,0.1297468354430379,-1.2,-0.431,-1.16895,0.0,0.1297468354430379,0.06358860759493673,,0.5264923,0.09883867,0.07259053
A0A0U1RRA0,0.5310405643738976,0.1904761904761904,,-0.45,-0.9955649999999999,1.0,0.2698412698412698,0.002031746031746032,,,0.08241384,0.07606928
A0A0X1KG70,0.5872559460418889,0.1373801916932907,0.08,-0.368,-1.44084,0.0,0.0638977635782747,0.06603194888178912,,,0.10302265,0.062938
A0A1W2PP81,0.4342873176206511,0.3131313131313131,1.24,-0.402,-0.00924587,0.3787878787878788,0.0656565656565656,0.0026616161616161613,,,0.18824144,0.48347086
A0A1W2PPE2,0.4328282828282829,0.3131313131313131,1.21,-0.397,0.0108141,0.3838383838383838,0.0656565656565656,0.0023939393939393944,,,0.1694648,0.4148117
A0A1W2PPH5,0.4230078563411897,0.3232323232323232,1.56,-0.395,-0.0225429,0.3787878787878788,0.1161616161616161,0.002540404040404041,,,0.21426597,0.26606816
A0A1W2PPK0,0.4084166666666662,0.1925,1.26,0.14800000000000002,0.3017,0.0675,0.115,2e-05,,,0.56725395,0.4888629
A0A1W2PPL8,0.4555555555555555,0.2893401015228426,0.32,-0.457,-0.597225,0.2690355329949238,0.0,0.0022741116751269037,,,0.12811041,0.67734987
A0A1W2PPW3,0.4228426395939085,0.3096446700507614,0.78,-0.405,-0.0390254,0.3705583756345177,0.0,0.00383756345177665,,,0.23675413,0.351273
A0A1W2PQ09,0.4119528619528619,0.3232323232323232,0.73,-0.39399999999999996,-0.176848,0.3888888888888889,0.0,0.0023232323232323234,,,0.13753894,0.26130766
A0A1W2PQL4,0.3907696759259271,0.2942708333333333,-0.09,-0.379,0.612008,0.0,0.0286458333333333,0.0009140625,,,0.15274526,0.5250715
A0A1W2PR64,0.4339506172839507,0.3131313131313131,1.37,-0.402,-0.0274926,0.3686868686868687,0.0656565656565656,0.002691919191919192,,,0.18824144,0.46349436
A0A1W2PRV1,0.4373176206509541,0.3131313131313131,0.97,-0.402,-0.0185408,0.3636363636363636,0.0656565656565656,0.0026010101010101013,,,0.19284065,0.4853089
A0A286YF18,0.4683072334079038,0.2348993288590604,1.28,-0.48200000000000004,-0.459321,0.6308724832214765,0.3959731543624161,0.0021275167785234908,,,0.102008745,0.117872834
A0A2R8Y4L2,0.3940606060606049,0.24,14.47,0.344,4.2937,0.3381818181818182,0.3672727272727272,0.0,,,0.83967495,0.8098599
A0A2R8Y7D0,0.4399074074074078,0.275,,-0.4,-1.08971,0.4083333333333333,0.1416666666666666,0.00011666666666666668,,,0.06760103,0.41109568
A0A3B3IRV3,0.4882750153468386,0.2265193370165746,-0.68,-0.401,-0.0810892,0.0,0.0,0.00029834254143646413,,,0.10308981,0.06829487
A0A3B3IU63,0.3868618618618621,0.3918918918918919,0.15,-0.433,-0.766329,0.5608108108108109,0.30405405405405395,0.0006013513513513514,,,0.13291833,0.36769798
A0A494BZU4,0.5581045751633985,0.1294117647058823,-1.72,-0.467,-1.24004,0.0,0.0764705882352941,0.06464117647058823,,,0.10302265,0.06385261
A0A494C086,0.4009950248756215,0.3333333333333333,0.22,-0.28,-0.00767767,0.1915422885572139,0.1218905472636815,0.00029601990049751245,,,0.1890802,0.24931976
A0A494C0Z2,0.4330398322851159,0.2981132075471698,1.78,-0.29,-0.756789,0.2264150943396226,0.0943396226415094,0.0030905660377358486,,,0.098332606,0.42592278
A0A494C191,0.4311111111111117,0.2981132075471698,2.28,-0.266,-0.738984,0.2339622641509434,0.0943396226415094,0.0031207547169811323,,,0.102789,0.45295167
A0A6I8PU40,0.5137254901960783,0.1764705882352941,0.79,-0.2,0.91,0.0,0.6013071895424836,0.0,,,0.19124076,0.25186723
C0HLS1,0.4479629629629633,0.1583333333333333,,-0.032,0.055851,1.0,0.5583333333333333,0.0,,,0.27078438,0.14334291
P0DTF9,0.5011544011544011,0.2142857142857142,-0.27,-0.452,-1.04554,0.0,0.1233766233766233,0.0026883116883116885,,,0.10549994,0.098362565
P0DUD1,0.4311111111111117,0.2981132075471698,2.28,-0.266,-0.738984,0.2339622641509434,0.0943396226415094,0.003105660377358491,,,0.102789,0.45295167
P0DUD2,0.4311111111111117,0.2981132075471698,2.28,-0.266,-0.738984,0.2339622641509434,0.0943396226415094,0.0031018867924528307,,,0.102789,0.45295167
P0DUD3,0.4330398322851159,0.2981132075471698,1.78,-0.29,-0.756789,0.2264150943396226,0.0943396226415094,0.0030905660377358486,,,0.098332606,0.42592278
P0DUD4,0.4330398322851159,0.2981132075471698,1.78,-0.29,-0.756789,0.2264150943396226,0.0943396226415094,0.0030905660377358486,,,0.098332606,0.42592278
P0DUQ1,0.5010925151092523,0.2280334728033473,0.3,-0.397,-0.9109309999999999,0.0,0.0585774058577405,0.0009330543933054394,0.00418410041841,,0.08648326,0.046294637
P0DUX0,0.4311111111111117,0.2981132075471698,2.28,-0.266,-0.738984,0.2339622641509434,0.0943396226415094,0.003109433962264151,,,0.102789,0.45295167
P0DUX1,0.4299790356394136,0.2981132075471698,1.93,-0.23399999999999999,-0.7396050000000001,0.2339622641509434,0.0867924528301886,0.0027962264150943397,,,0.10212624,0.42073232
P0DV75,0.4160680076628348,0.230603448275862,2.27,-0.102,0.356244,0.9827586206896552,0.0991379310344827,2.586206896551724e-05,0.0064655172413793,,0.09441641,0.046187866
P0DV76,0.4160680076628348,0.230603448275862,2.27,-0.102,0.356244,0.9827586206896552,0.0991379310344827,2.586206896551724e-05,,,0.20282412,0.12318792
P0DV77,0.4354374307862676,0.1794019933554817,2.95,-0.11699999999999999,0.386301,0.3023255813953488,0.2059800664451827,0.0003554817275747509,,,0.20938762,0.1413028
A0A1B0GUV1,0.4548523206751055,0.1772151898734177,,-0.19899999999999998,-0.395923,1.0,0.1645569620253164,0.00031645569620253165,,,0.06254818,0.101115204
A0A3B3IT52,0.4513823682837763,0.1924882629107981,0.74,-0.171,-0.851927,0.0,0.0516431924882629,0.001046948356807512,,,0.09099288,0.15700623
A0A590UK83,0.3903426791277259,0.3271028037383177,,-0.33899999999999997,-0.178204,1.0,0.1962616822429906,0.0,,,0.084285215,0.3234232
A0A5F9ZH02,0.5114285714285715,0.1714285714285714,,-0.583,-2.32428,1.0,0.0,0.053085714285714285,,,0.09175972,0.09080896
P0DV60,0.4430409356725147,0.1368421052631579,,-0.35700000000000004,-2.22087,1.0,0.23157894736842102,0.0,,,0.08838188,0.10652143
P0DV73,0.4142959770114938,0.2349137931034483,2.45,-0.091,0.349056,1.0,0.0991379310344827,2.3706896551724137e-05,0.0043103448275862,,0.10670813,0.04141251
P0DV74,0.4142959770114938,0.2349137931034483,2.45,-0.091,0.349056,1.0,0.0991379310344827,2.586206896551724e-05,,,0.18921673,0.14512655
P0DV79,0.4082070707070714,0.3267045454545454,-0.02,-0.28,-0.21242600000000003,0.2159090909090909,0.0994318181818181,0.0006988636363636362,,,0.10517973,0.2552213
P0DW11,0.4342873176206511,0.3131313131313131,1.24,-0.402,-0.00924587,0.3787878787878788,0.0656565656565656,0.002681818181818182,,,0.18824144,0.48347086
P0DW12,0.4342873176206511,0.3131313131313131,1.24,-0.402,-0.00924587,0.3787878787878788,0.0656565656565656,0.0026565656565656565,,,0.18824144,0.48347086
P0DW13,0.4342873176206511,0.3131313131313131,1.24,-0.402,-0.00924587,0.3787878787878788,0.0656565656565656,0.002676767676767677,,,0.18824144,0.48347086
P0DW14,0.4342873176206511,0.3131313131313131,1.24,-0.402,-0.00924587,0.3787878787878788,0.0656565656565656,0.0026616161616161613,,,0.18824144,0.48347086
X6R8D5,0.3867891513560808,0.2362204724409448,,-0.209,-0.31761,0.8031496062992126,0.0,7.086614173228347e-05,,,0.07781352,0.15670653
X6R8R1,0.4518518518518523,0.2215189873417721,2.28,-0.09,0.40480900000000003,0.1033755274261603,0.1223628691983122,,,,0.14082298,0.19719446
