Bait Gene,Bait_uniprot,Prey_uniprot,article,Prey Gene,Bait_SaPS-10fea,Bait_PdPS-10fea,Prey_SaPS-10fea,Prey_PdPS-10fea,cos.sim
G3BP1,Q13283,P23921,29373831,RRM1,0.9298263788223261,0.5750792622566221,0.35580030083656305,0.8009147644042961,0.34493640065193176
G3BP1,Q13283,Q5JRX3,29373831,PITRM1,0.9298263788223261,0.5750792622566221,0.06346243619918801,0.145329937338829,0.3396461606025696
G3BP1,Q13283,P78344,29373831,EIF4G2,0.9298263788223261,0.5750792622566221,0.935107350349426,0.838588714599609,0.6574971079826355
G3BP1,Q13283,O43759,29373831,SYNGR1,0.9298263788223261,0.5750792622566221,0.27203008532524103,0.05264422297477701,0.3151978552341461
G3BP1,Q13283,Q00341,29373831,HDLBP,0.9298263788223261,0.5750792622566221,0.527656733989715,0.88329392671585,0.703380823135376
G3BP1,Q13283,Q9HCC0,29373831,MCCC2,0.9298263788223261,0.5750792622566221,0.049439419060945004,0.241557478904724,0.16462504863739014
G3BP1,Q13283,O75821,29373831,EIF3G,0.9298263788223261,0.5750792622566221,0.810005187988281,0.9082697629928581,0.6976181268692017
G3BP1,Q13283,Q15067,29373831,ACOX1,0.9298263788223261,0.5750792622566221,0.058730524033308,0.313606441020965,0.5888314843177795
G3BP1,Q13283,P55795,29373831,HNRNPH2,0.9298263788223261,0.5750792622566221,0.945960402488708,0.9355198740959161,0.746821403503418
G3BP1,Q13283,Q9UBE0,29373831,SAE1,0.9298263788223261,0.5750792622566221,0.054085887968540004,0.496567726135253,0.4669659733772278
G3BP1,Q13283,P12268,29373831,IMPDH2,0.9298263788223261,0.5750792622566221,0.320046216249465,0.56648188829422,0.5203584432601929
G3BP1,Q13283,Q96H79,29373831,ZC3HAV1L,0.9298263788223261,0.5750792622566221,0.045710209757089004,0.037526965141296005,0.2609999477863312
G3BP1,Q13283,Q86UK7,29373831,ZNF598,0.9298263788223261,0.5750792622566221,0.41906195878982505,0.487267971038818,0.6545639038085938
G3BP1,Q13283,Q9BX40,29373831,LSM14B,0.9298263788223261,0.5750792622566221,0.9151313900947571,0.9035645723342891,0.7403990626335144
G3BP1,Q13283,Q6NUK1,29373831,SLC25A24,0.9298263788223261,0.5750792622566221,0.06564383208751601,0.26591667532920804,0.2590367794036865
G3BP1,Q13283,Q99832,29373831,CCT7,0.9298263788223261,0.5750792622566221,0.39618256688117903,0.239197224378585,0.35702604055404663
G3BP1,Q13283,P10768,29373831,ESD,0.9298263788223261,0.5750792622566221,0.25768417119979803,0.5619320869445801,0.19399073719978333
G3BP1,Q13283,P61513,29373831,RPL37A,0.9298263788223261,0.5750792622566221,0.29352656006813005,0.521021008491516,0.663415789604187
G3BP1,Q13283,Q8NCA5,29373831,FAM98A,0.9298263788223261,0.5750792622566221,0.896835446357727,0.863439083099365,0.7652465105056763
G3BP1,Q13283,O75122,29373831,CLASP2,0.9298263788223261,0.5750792622566221,0.807239532470703,0.9520069360733031,0.5675027370452881
G3BP1,Q13283,P49792,29373831,RANBP2,0.9298263788223261,0.5750792622566221,0.8792891502380371,0.9409412145614621,0.6972839832305908
G3BP1,Q13283,Q13185,29373831,CBX3,0.9298263788223261,0.5750792622566221,0.82945841550827,0.8836170434951781,0.6613730192184448
G3BP1,Q13283,P39748,29373831,FEN1,0.9298263788223261,0.5750792622566221,0.841848254203796,0.853359401226043,0.6035640835762024
G3BP1,Q13283,P46109,29373831,CRKL,0.9298263788223261,0.5750792622566221,0.571638584136962,0.805967926979064,0.6474491357803345
G3BP1,Q13283,Q9H9B4,29373831,SFXN1,0.9298263788223261,0.5750792622566221,0.054716754704713,0.06574347615242,0.43078702688217163
G3BP1,Q13283,Q9UQ13,29373831,SHOC2,0.9298263788223261,0.5750792622566221,0.053373891860246006,0.09851671010255801,0.4786699414253235
G3BP1,Q13283,Q9UET6,29373831,FTSJ1,0.9298263788223261,0.5750792622566221,0.097657866775989,0.30048084259033203,0.3004904091358185
G3BP1,Q13283,O75152,29373831,ZC3H11A,0.9298263788223261,0.5750792622566221,0.8109792470932,0.89901053905487,0.7479711771011353
G3BP1,Q13283,P20073,29373831,ANXA7,0.9298263788223261,0.5750792622566221,0.860009491443634,0.784795045852661,0.5424690842628479
G3BP1,Q13283,O95373,29373831,IPO7,0.9298263788223261,0.5750792622566221,0.052493594586849004,0.07876561582088401,0.638790488243103
G3BP1,Q13283,P35579,29373831,MYH9,0.9298263788223261,0.5750792622566221,0.749034285545349,0.8638456463813781,0.5677930116653442
G3BP1,Q13283,O00154,29373831,ACOT7,0.9298263788223261,0.5750792622566221,0.07011593878269101,0.09771633148193301,0.6814393997192383
G3BP1,Q13283,Q9UDX5,29373831,MTFP1,0.9298263788223261,0.5750792622566221,0.11139503866434002,0.162976950407028,0.17598310112953186
G3BP1,Q13283,P58546,29373831,MTPN,0.9298263788223261,0.5750792622566221,0.068208754062652,0.28404268622398304,0.49960607290267944
G3BP1,Q13283,P25789,29373831,PSMA4,0.9298263788223261,0.5750792622566221,0.8669969439506531,0.7802849411964411,0.4520183503627777
G3BP1,Q13283,O00487,29373831,PSMD14,0.9298263788223261,0.5750792622566221,0.049535848200321,0.046527951955795004,0.4012933671474457
G3BP1,Q13283,O60841,29373831,EIF5B,0.9298263788223261,0.5750792622566221,0.706597387790679,0.744186878204345,0.7115557193756104
G3BP1,Q13283,Q92575,29373831,UBXN4,0.9298263788223261,0.5750792622566221,0.37220394611358604,0.7866442799568171,0.5797725915908813
G3BP1,Q13283,P45880,29373831,VDAC2,0.9298263788223261,0.5750792622566221,0.565926551818847,0.825998961925506,0.3995334208011627
G3BP1,Q13283,Q9UKY7,29373831,CDV3,0.9298263788223261,0.5750792622566221,0.9372448921203611,0.9558941721916191,0.7701061964035034
G3BP1,Q13283,Q14671,29373831,PUM1,0.9298263788223261,0.5750792622566221,0.9372653961181641,0.9234544038772581,0.7498682737350464
G3BP1,Q13283,Q96AY3,29373831,FKBP10,0.9298263788223261,0.5750792622566221,0.09369257092475801,0.069437444210052,0.20122289657592773
G3BP1,Q13283,Q8IX12,29373831,CCAR1,0.9298263788223261,0.5750792622566221,0.8194368481636041,0.926390826702117,0.49281176924705505
G3BP1,Q13283,P62191,29373831,PSMC1,0.9298263788223261,0.5750792622566221,0.45264321565628,0.832610428333282,0.4376813769340515
G3BP1,Q13283,Q9Y262,29373831,EIF3L,0.9298263788223261,0.5750792622566221,0.499781668186187,0.39640304446220404,0.38905397057533264
G3BP1,Q13283,Q7Z4Q2,29373831,HEATR3,0.9298263788223261,0.5750792622566221,0.053612064570188,0.040143229067325,0.5396629571914673
G3BP1,Q13283,P50990,29373831,CCT8,0.9298263788223261,0.5750792622566221,0.5758818387985231,0.26783961057662903,0.35655277967453003
G3BP1,Q13283,Q96GA3,29373831,LTV1,0.9298263788223261,0.5750792622566221,0.86389935016632,0.871933758258819,0.7048245668411255
G3BP1,Q13283,O43242,29373831,PSMD3,0.9298263788223261,0.5750792622566221,0.44938820600509605,0.631832957267761,0.46750909090042114
G3BP1,Q13283,Q07864,29373831,POLE,0.9298263788223261,0.5750792622566221,0.046685732901096004,0.46570688486099204,0.47821325063705444
G3BP1,Q13283,Q14258,29373831,TRIM25,0.9298263788223261,0.5750792622566221,0.37402802705764704,0.8078976869583131,0.37120765447616577
G3BP1,Q13283,Q9Y5A9,29373831,YTHDF2,0.9298263788223261,0.5750792622566221,0.9421745538711541,0.9018615484237671,0.730789303779602
G3BP1,Q13283,Q15434,29373831,RBMS2,0.9298263788223261,0.5750792622566221,0.822883307933807,0.83216392993927,0.7003803253173828
G3BP1,Q13283,P46060,29373831,RANGAP1,0.9298263788223261,0.5750792622566221,0.35446065664291304,0.45731180906295704,0.6953909993171692
G3BP1,Q13283,Q71RC2,29373831,LARP4,0.9298263788223261,0.5750792622566221,0.8875218629837031,0.9059172868728631,0.5926030874252319
G3BP1,Q13283,P15170,29373831,GSPT1,0.9298263788223261,0.5750792622566221,0.101807281374931,0.8657646179199211,0.6180676817893982
G3BP1,Q13283,Q9NTI5,29373831,PDS5B,0.9298263788223261,0.5750792622566221,0.871256947517395,0.9202330708503721,0.5607445240020752
G3BP1,Q13283,P63104,29373831,YWHAZ,0.9298263788223261,0.5750792622566221,0.48651868104934604,0.8846585154533381,0.5519079566001892
G3BP1,Q13283,Q9H4A4,29373831,RNPEP,0.9298263788223261,0.5750792622566221,0.046605546027421,0.22012141346931402,0.5543571710586548
G3BP1,Q13283,P29966,29373831,MARCKS,0.9298263788223261,0.5750792622566221,0.861130058765411,0.7989703416824341,0.5940955877304077
G3BP1,Q13283,P21333,29373831,FLNA,0.9298263788223261,0.5750792622566221,0.748573184013366,0.8762679100036621,0.3082488477230072
G3BP1,Q13283,O00170,29373831,AIP,0.9298263788223261,0.5750792622566221,0.26640939712524403,0.540462613105773,0.2472844421863556
G3BP1,Q13283,P28070,29373831,PSMB4,0.9298263788223261,0.5750792622566221,0.526795983314514,0.6584669947624201,0.468353807926178
G3BP1,Q13283,P30048,29373831,PRDX3,0.9298263788223261,0.5750792622566221,0.12998495995998302,0.10501007735729201,0.5675312876701355
G3BP1,Q13283,Q14247,29373831,CTTN,0.9298263788223261,0.5750792622566221,0.8998081088066101,0.946021676063537,0.5112108588218689
G3BP1,Q13283,P53041,29373831,PPP5C,0.9298263788223261,0.5750792622566221,0.29476255178451505,0.819698452949523,0.5554243326187134
G3BP1,Q13283,Q9BW60,29373831,ELOVL1,0.9298263788223261,0.5750792622566221,0.104564569890499,0.041514597833156,0.2209511697292328
G3BP1,Q13283,Q02790,29373831,FKBP4,0.9298263788223261,0.5750792622566221,0.770568668842315,0.9029511213302611,0.13039498031139374
G3BP1,Q13283,Q6ZN17,29373831,LIN28B,0.9298263788223261,0.5750792622566221,0.7729641199111931,0.6470547914505,0.7355657815933228
G3BP1,Q13283,Q9BTE3,29373831,MCMBP,0.9298263788223261,0.5750792622566221,0.122575499117374,0.33185550570487904,0.3340085446834564
G3BP1,Q13283,O14979,29373831,HNRNPDL,0.9298263788223261,0.5750792622566221,0.944182753562927,0.8330107927322381,0.6976796388626099
G3BP1,Q13283,O95793,29373831,STAU1,0.9298263788223261,0.5750792622566221,0.553799152374267,0.608830332756042,0.7048789858818054
G3BP1,Q13283,Q96RE7,29373831,NACC1,0.9298263788223261,0.5750792622566221,0.7300032377243041,0.7791582345962521,0.5690406560897827
G3BP1,Q13283,O75663,29373831,TIPRL,0.9298263788223261,0.5750792622566221,0.046626456081867,0.22200110554695102,0.39134329557418823
G3BP1,Q13283,O00161,29373831,SNAP23,0.9298263788223261,0.5750792622566221,0.884714782238006,0.9523652195930481,0.20454025268554688
G3BP1,Q13283,Q9H2U1,29373831,DHX36,0.9298263788223261,0.5750792622566221,0.42503792047500605,0.7768697738647461,0.7033044695854187
G3BP1,Q13283,Q92734,29373831,TFG,0.9298263788223261,0.5750792622566221,0.9199383854866021,0.8269848823547361,0.6254765391349792
G3BP1,Q13283,Q9UHG3,29373831,PCYOX1,0.9298263788223261,0.5750792622566221,0.09263239800930001,0.091411136090755,0.29667484760284424
G3BP1,Q13283,O43347,29373831,MSI1,0.9298263788223261,0.5750792622566221,0.130615890026092,0.344483375549316,0.6802105903625488
G3BP1,Q13283,Q9HAV4,29373831,XPO5,0.9298263788223261,0.5750792622566221,0.078562900424003,0.08639495074748901,0.4903233051300049
G3BP1,Q13283,Q96SU4,29373831,OSBPL9,0.9298263788223261,0.5750792622566221,0.8443635106086731,0.8018863797187801,0.3259582221508026
G3BP1,Q13283,O14744,29373831,PRMT5,0.9298263788223261,0.5750792622566221,0.096745878458023,0.10946254432201301,0.7114220261573792
G3BP1,Q13283,P27816,29373831,MAP4,0.9298263788223261,0.5750792622566221,0.7518705725669861,0.8798587918281551,0.6422147750854492
G3BP1,Q13283,O95347,29373831,SMC2,0.9298263788223261,0.5750792622566221,0.055568195879459006,0.34537222981452903,0.391828715801239
G3BP1,Q13283,Q16352,29373831,INA,0.9298263788223261,0.5750792622566221,0.310207784175872,0.727482199668884,0.31014296412467957
G3BP1,Q13283,Q92667,29373831,AKAP1,0.9298263788223261,0.5750792622566221,0.496677488088607,0.5212656259536741,0.6858645677566528
G3BP1,Q13283,Q86Y56,29373831,DNAAF5,0.9298263788223261,0.5750792622566221,0.060074619948863005,0.033690582960844005,0.3939245343208313
G3BP1,Q13283,Q8N5C6,29373831,SRBD1,0.9298263788223261,0.5750792622566221,0.049446828663349006,0.49129146337509105,0.5975990891456604
G3BP1,Q13283,O75400,29373831,PRPF40A,0.9298263788223261,0.5750792622566221,0.916608035564422,0.947467625141143,0.6761658191680908
G3BP1,Q13283,Q99700,29373831,ATXN2,0.9298263788223261,0.5750792622566221,0.9192976951599121,0.844794750213623,0.7260817289352417
G3BP1,Q13283,Q9P2W9,29373831,STX18,0.9298263788223261,0.5750792622566221,0.6879499554634091,0.710532188415527,0.24036288261413574
G3BP1,Q13283,P62333,29373831,PSMC6,0.9298263788223261,0.5750792622566221,0.370336204767227,0.778031110763549,0.4954783320426941
G3BP1,Q13283,P04075,29373831,ALDOA,0.9298263788223261,0.5750792622566221,0.44249954819679205,0.48221009969711304,0.305425226688385
G3BP1,Q13283,Q14240,29373831,EIF4A2,0.9298263788223261,0.5750792622566221,0.17476806044578502,0.39000695943832403,0.49379339814186096
G3BP1,Q13283,P78417,29373831,GSTO1,0.9298263788223261,0.5750792622566221,0.502285003662109,0.39559468626976,0.40032845735549927
G3BP1,Q13283,Q9UJW0,29373831,DCTN4,0.9298263788223261,0.5750792622566221,0.07092120498418801,0.726059794425964,0.1917475163936615
G3BP1,Q13283,Q07866,29373831,KLC1,0.9298263788223261,0.5750792622566221,0.753291845321655,0.844570338726043,0.6100641489028931
G3BP1,Q13283,Q9UBV8,29373831,PEF1,0.9298263788223261,0.5750792622566221,0.921452045440673,0.814058303833007,0.41903120279312134
G3BP1,Q13283,P49961,29373831,ENTPD1,0.9298263788223261,0.5750792622566221,0.06311639398336401,0.030115615576505002,0.4878866672515869
G3BP1,Q13283,Q8NDC0,29373831,MAPK1IP1L,0.9298263788223261,0.5750792622566221,0.759576261043548,0.492332756519317,0.5779881477355957
G3BP1,Q13283,P19367,29373831,HK1,0.9298263788223261,0.5750792622566221,0.14488247036933902,0.5552622675895691,0.3725142180919647
G3BP1,Q13283,Q9BTU6,29373831,PI4K2A,0.9298263788223261,0.5750792622566221,0.7448571920394891,0.487957775592803,0.4036020338535309
G3BP1,Q13283,P15927,29373831,RPA2,0.9298263788223261,0.5750792622566221,0.5286818742752071,0.651308178901672,0.653607964515686
G3BP1,Q13283,P17152,29373831,TMEM11,0.9298263788223261,0.5750792622566221,0.09585513174533801,0.163303643465042,0.27769967913627625
G3BP1,Q13283,O60684,29373831,KPNA6,0.9298263788223261,0.5750792622566221,0.082966454327106,0.07997010648250501,0.6552892923355103
G3BP1,Q13283,Q13595,29373831,TRA2A,0.9298263788223261,0.5750792622566221,0.909633755683898,0.955690264701843,0.7278369069099426
G3BP1,Q13283,Q9Y383,29373831,LUC7L2,0.9298263788223261,0.5750792622566221,0.803538024425506,0.8609099388122551,0.5335038304328918
G3BP1,Q13283,O60716,29373831,CTNND1,0.9298263788223261,0.5750792622566221,0.869763553142547,0.9520522356033321,0.5690075755119324
G3BP1,Q13283,O00571,29373831,DDX3X,0.9298263788223261,0.5750792622566221,0.943722367286682,0.9560965299606321,0.7314477562904358
G3BP1,Q13283,O94905,29373831,ERLIN2,0.9298263788223261,0.5750792622566221,0.05785594508051801,0.087375305593013,0.29327020049095154
G3BP1,Q13283,O00203,29373831,AP3B1,0.9298263788223261,0.5750792622566221,0.04923267289996101,0.326495915651321,0.6142556667327881
G3BP1,Q13283,P28370,29373831,SMARCA1,0.9298263788223261,0.5750792622566221,0.093149922788143,0.72975093126297,0.5801199674606323
G3BP1,Q13283,P30154,29373831,PPP2R1B,0.9298263788223261,0.5750792622566221,0.070239171385765,0.050394035875797,0.4112303853034973
G3BP1,Q13283,Q14160,29373831,SCRIB,0.9298263788223261,0.5750792622566221,0.7628489136695861,0.835612595081329,0.5201948285102844
G3BP1,Q13283,Q8WWM7,29373831,ATXN2L,0.9298263788223261,0.5750792622566221,0.9328096508979791,0.9160457849502561,0.592697262763977
G3BP1,Q13283,Q06787,29373831,FMR1,0.9298263788223261,0.5750792622566221,0.5003023147583,0.9142025709152221,0.7116543054580688
G3BP1,Q13283,O15372,29373831,EIF3H,0.9298263788223261,0.5750792622566221,0.644341468811035,0.46654623746871904,0.5480048060417175
G3BP1,Q13283,P23246,29373831,SFPQ,0.9298263788223261,0.5750792622566221,0.93021935224533,0.9414206743240351,0.7535058856010437
G3BP1,Q13283,Q07157,29373831,TJP1,0.9298263788223261,0.5750792622566221,0.9402920603752131,0.915646255016326,0.6458700299263
G3BP1,Q13283,Q9P258,29373831,RCC2,0.9298263788223261,0.5750792622566221,0.8115414381027221,0.6175023913383481,0.5786070823669434
G3BP1,Q13283,O00232,29373831,PSMD12,0.9298263788223261,0.5750792622566221,0.119438365101814,0.5424011945724481,0.5412825345993042
G3BP1,Q13283,P22061,29373831,PCMT1,0.9298263788223261,0.5750792622566221,0.064367167651653,0.107295557856559,0.370487779378891
G3BP1,Q13283,Q96DH6,29373831,MSI2,0.9298263788223261,0.5750792622566221,0.48758926987648005,0.5070952177047731,0.6675082445144653
G3BP1,Q13283,Q12907,29373831,LMAN2,0.9298263788223261,0.5750792622566221,0.070250011980533,0.38130098581314004,0.14109793305397034
G3BP1,Q13283,O00303,29373831,EIF3F,0.9298263788223261,0.5750792622566221,0.35234361886978105,0.23913665115833202,0.4820811152458191
G3BP1,Q13283,O14929,29373831,HAT1,0.9298263788223261,0.5750792622566221,0.123940408229827,0.6136037707328791,0.5527487993240356
G3BP1,Q13283,Q8NBJ5,29373831,COLGALT1,0.9298263788223261,0.5750792622566221,0.05381342023611001,0.11858347803354201,0.3262886703014374
G3BP1,Q13283,A6NDG6,29373831,PGP,0.9298263788223261,0.5750792622566221,0.06884391605854001,0.06341986358165701,0.17477446794509888
G3BP1,Q13283,Q9Y5V3,29373831,MAGED1,0.9298263788223261,0.5750792622566221,0.701351046562194,0.623210549354553,0.6361429691314697
G3BP1,Q13283,P33176,29373831,KIF5B,0.9298263788223261,0.5750792622566221,0.350125104188919,0.819140613079071,0.38847941160202026
G3BP1,Q13283,P27694,29373831,RPA1,0.9298263788223261,0.5750792622566221,0.5950183272361751,0.9000694155693051,0.6658417582511902
G3BP1,Q13283,Q16822,29373831,PCK2,0.9298263788223261,0.5750792622566221,0.04764574766159,0.23039627075195301,0.4133921265602112
G3BP1,Q13283,P49721,29373831,PSMB2,0.9298263788223261,0.5750792622566221,0.24921223521232602,0.225660681724548,0.46096062660217285
G3BP1,Q13283,Q9UBQ5,29373831,EIF3K,0.9298263788223261,0.5750792622566221,0.06330676376819601,0.17242595553398102,0.40007463097572327
G3BP1,Q13283,O14818,29373831,PSMA7,0.9298263788223261,0.5750792622566221,0.7916601300239561,0.8511107563972471,0.3316013216972351
G3BP1,Q13283,Q08945,29373831,SSRP1,0.9298263788223261,0.5750792622566221,0.8451400995254511,0.8954065442085261,0.681404709815979
G3BP1,Q13283,P00492,29373831,HPRT1,0.9298263788223261,0.5750792622566221,0.5527211427688591,0.21893887221813202,0.5475625395774841
G3BP1,Q13283,O15173,29373831,PGRMC2,0.9298263788223261,0.5750792622566221,0.814205944538116,0.709719538688659,0.324537068605423
G3BP1,Q13283,P46459,29373831,NSF,0.9298263788223261,0.5750792622566221,0.221326395869255,0.484982341527938,0.32905083894729614
G3BP1,Q13283,Q13813,29373831,SPTAN1,0.9298263788223261,0.5750792622566221,0.8188093304634091,0.8384706377983091,0.35316747426986694
G3BP1,Q13283,Q9UBF2,29373831,COPG2,0.9298263788223261,0.5750792622566221,0.055635415017604,0.058763079345226,0.45559436082839966
G3BP1,Q13283,P45954,29373831,ACADSB,0.9298263788223261,0.5750792622566221,0.046327382326126,0.17958423495292603,0.24183106422424316
G3BP1,Q13283,Q3MHD2,29373831,LSM12,0.9298263788223261,0.5750792622566221,0.170231625437736,0.389593958854675,0.6525663733482361
G3BP1,Q13283,Q8NBU5,29373831,ATAD1,0.9298263788223261,0.5750792622566221,0.080777138471603,0.17379020154476102,0.34656327962875366
G3BP1,Q13283,P51665,29373831,PSMD7,0.9298263788223261,0.5750792622566221,0.051363747566938005,0.7436174750328061,0.3885512053966522
G3BP1,Q13283,Q99439,29373831,CNN2,0.9298263788223261,0.5750792622566221,0.7998059391975401,0.9006299972534181,0.6467137336730957
G3BP1,Q13283,P22102,29373831,GART,0.9298263788223261,0.5750792622566221,0.06397321820259,0.326038748025894,0.5332489609718323
G3BP1,Q13283,Q9ULV4,29373831,CORO1C,0.9298263788223261,0.5750792622566221,0.090141221880912,0.513185620307922,0.47290658950805664
G3BP1,Q13283,P22626,29373831,HNRNPA2B1,0.9298263788223261,0.5750792622566221,0.9508429765701291,0.9583996534347531,0.7121025323867798
G3BP1,Q13283,P50502,29373831,ST13,0.9298263788223261,0.5750792622566221,0.8200780749320981,0.906903624534606,0.5517176985740662
G3BP1,Q13283,Q96GC9,29373831,VMP1,0.9298263788223261,0.5750792622566221,0.071651443839073,0.029680535197257003,0.17228633165359497
G3BP1,Q13283,P51991,29373831,HNRNPA3,0.9298263788223261,0.5750792622566221,0.950252830982208,0.9451440572738641,0.7053474187850952
G3BP1,Q13283,Q92879,29373831,CELF1,0.9298263788223261,0.5750792622566221,0.289840072393417,0.36571025848388605,0.7239591479301453
G3BP1,Q13283,O75131,29373831,CPNE3,0.9298263788223261,0.5750792622566221,0.28533425927162104,0.6445014476776121,0.3932340741157532
G3BP1,Q13283,Q08379,29373831,GOLGA2,0.9298263788223261,0.5750792622566221,0.154384821653366,0.8301722407341001,0.5439726710319519
G3BP1,Q13283,P46940,29373831,IQGAP1,0.9298263788223261,0.5750792622566221,0.6749221086502071,0.707932889461517,0.5198838114738464
G3BP1,Q13283,P54646,29373831,PRKAA2,0.9298263788223261,0.5750792622566221,0.44237470626831005,0.253674656152725,0.5389827489852905
G3BP1,Q13283,Q13242,29373831,SRSF9,0.9298263788223261,0.5750792622566221,0.8649741411209101,0.948163628578186,0.6861852407455444
G3BP1,Q13283,P25325,29373831,MPST,0.9298263788223261,0.5750792622566221,0.365852832794189,0.272106707096099,0.3234941363334656
G3BP1,Q13283,Q6Y7W6,29373831,GIGYF2,0.9298263788223261,0.5750792622566221,0.935945630073547,0.938090026378631,0.5720811486244202
G3BP1,Q13283,P45974,29373831,USP5,0.9298263788223261,0.5750792622566221,0.130439519882202,0.902459025382995,0.664376974105835
G3BP1,Q13283,P12004,29373831,PCNA,0.9298263788223261,0.5750792622566221,0.202818363904953,0.181548207998275,0.46806854009628296
G3BP1,Q13283,P61201,29373831,COPS2,0.9298263788223261,0.5750792622566221,0.054844349622726,0.492038577795028,0.3300521671772003
G3BP1,Q13283,Q86TX2,29373831,ACOT1,0.9298263788223261,0.5750792622566221,0.049590431153774005,0.326466739177703,0.3203798234462738
G3BP1,Q13283,Q6PJ69,29373831,TRIM65,0.9298263788223261,0.5750792622566221,0.057306658476591006,0.032750103622674005,0.2959105372428894
G3BP1,Q13283,P34932,29373831,HSPA4,0.9298263788223261,0.5750792622566221,0.8368725776672361,0.884629070758819,0.4510497450828552
G3BP1,Q13283,Q9UKV8,29373831,AGO2,0.9298263788223261,0.5750792622566221,0.125312715768814,0.8902974128723141,0.5711804032325745
G3BP1,Q13283,P43490,29373831,NAMPT,0.9298263788223261,0.5750792622566221,0.7144581675529481,0.754357099533081,0.5295104384422302
G3BP1,Q13283,Q13162,29373831,PRDX4,0.9298263788223261,0.5750792622566221,0.07951811701059301,0.071025870740413,0.21131844818592072
G3BP1,Q13283,Q00610,29373831,CLTC,0.9298263788223261,0.5750792622566221,0.676146268844604,0.42692026495933505,0.5726007223129272
G3BP1,Q13283,P62995,29373831,TRA2B,0.9298263788223261,0.5750792622566221,0.9048864245414731,0.9517022371292111,0.6819947361946106
G3BP1,Q13283,Q14157,29373831,UBAP2L,0.9298263788223261,0.5750792622566221,0.9456149339675901,0.953562080860137,0.8177117109298706
G3BP1,Q13283,P49720,29373831,PSMB3,0.9298263788223261,0.5750792622566221,0.11036317050457001,0.22267231345176602,0.42204970121383667
G3BP1,Q13283,A1L0T0,29373831,ILVBL,0.9298263788223261,0.5750792622566221,0.060635041445493004,0.063409611582756,0.4728717803955078
G3BP1,Q13283,P52292,29373831,KPNA2,0.9298263788223261,0.5750792622566221,0.355177283287048,0.16665731370449002,0.6758848428726196
G3BP1,Q13283,Q9Y2H6,29373831,FNDC3A,0.9298263788223261,0.5750792622566221,0.150695770978927,0.626586139202117,0.37520045042037964
G3BP1,Q13283,Q6PI48,29373831,DARS2,0.9298263788223261,0.5750792622566221,0.066567733883857,0.033216562122106004,0.15375126898288727
G3BP1,Q13283,O15371,29373831,EIF3D,0.9298263788223261,0.5750792622566221,0.6831145286560051,0.84345805644989,0.6166322827339172
G3BP1,Q13283,P08243,29373831,ASNS,0.9298263788223261,0.5750792622566221,0.053628254681825006,0.10443539917469001,0.6720500588417053
G3BP1,Q13283,Q9NPI6,29373831,DCP1A,0.9298263788223261,0.5750792622566221,0.41658067703247004,0.9291802644729611,0.6098852753639221
G3BP1,Q13283,Q92804,29373831,TAF15,0.9298263788223261,0.5750792622566221,0.9341263771057121,0.9066437482833861,0.8017223477363586
G3BP1,Q13283,P46821,29373831,MAP1B,0.9298263788223261,0.5750792622566221,0.880201041698455,0.9375912547111511,0.23599782586097717
G3BP1,Q13283,Q9P2R3,29373831,ANKFY1,0.9298263788223261,0.5750792622566221,0.045443594455718,0.053254466503858004,0.643120288848877
G3BP1,Q13283,P61978,29373831,HNRNPK,0.9298263788223261,0.5750792622566221,0.9139078855514521,0.9390789270401001,0.7008069753646851
G3BP1,Q13283,Q9BWF3,29373831,RBM4,0.9298263788223261,0.5750792622566221,0.730823338031768,0.9379279017448421,0.7492130994796753
G3BP1,Q13283,O00505,29373831,KPNA3,0.9298263788223261,0.5750792622566221,0.06658290326595301,0.114040575921535,0.39736849069595337
G3BP1,Q13283,O95721,29373831,SNAP29,0.9298263788223261,0.5750792622566221,0.7712163925170891,0.922437787055969,0.36075517535209656
G3BP1,Q13283,P35520,29373831,CBS,0.9298263788223261,0.5750792622566221,0.07122790813446,0.26031520962715105,0.44005781412124634
G3BP1,Q13283,Q92945,29373831,KHSRP,0.9298263788223261,0.5750792622566221,0.9505808949470521,0.8972858190536491,0.7907081842422485
G3BP1,Q13283,Q96S66,29373831,CLCC1,0.9298263788223261,0.5750792622566221,0.543007373809814,0.814840912818908,0.34899359941482544
G3BP1,Q13283,P05165,29373831,PCCA,0.9298263788223261,0.5750792622566221,0.075603663921356,0.35501152276992803,0.3181825876235962
G3BP1,Q13283,P19105,29373831,MYL12A,0.9298263788223261,0.5750792622566221,0.6698166728019711,0.790415048599243,0.3523867130279541
G3BP1,Q13283,Q8NE71,29373831,ABCF1,0.9298263788223261,0.5750792622566221,0.6660548448562621,0.901247143745422,0.6358942985534668
G3BP1,Q13283,Q13546,29373831,RIPK1,0.9298263788223261,0.5750792622566221,0.820694923400878,0.8689697384834291,0.47618818283081055
G3BP1,Q13283,P30041,29373831,PRDX6,0.9298263788223261,0.5750792622566221,0.280167639255523,0.49946299195289606,0.25597479939460754
G3BP1,Q13283,Q9UDY2,29373831,TJP2,0.9298263788223261,0.5750792622566221,0.9446396827697751,0.959779918193817,0.638287365436554
G3BP1,Q13283,Q96PK6,29373831,RBM14,0.9298263788223261,0.5750792622566221,0.9473821520805351,0.9434564709663391,0.6723729968070984
G3BP1,Q13283,Q96AE4,29373831,FUBP1,0.9298263788223261,0.5750792622566221,0.9466724395751951,0.7661437392234801,0.7573119401931763
G3BP1,Q13283,O43175,29373831,PHGDH,0.9298263788223261,0.5750792622566221,0.157634288072586,0.259375810623168,0.3754276633262634
G3BP1,Q13283,P23528,29373831,CFL1,0.9298263788223261,0.5750792622566221,0.592035353183746,0.8572082519531251,0.4037855267524719
G3BP1,Q13283,P27708,29373831,CAD,0.9298263788223261,0.5750792622566221,0.11487036943435601,0.27452415227890004,0.4437924325466156
G3BP1,Q13283,P49642,29373831,PRIM1,0.9298263788223261,0.5750792622566221,0.5544497966766351,0.555125713348388,0.5111467838287354
G3BP1,Q13283,Q14980,29373831,NUMA1,0.9298263788223261,0.5750792622566221,0.8394999504089351,0.9400748014450071,0.5968362092971802
G3BP1,Q13283,Q9Y2Z0,29373831,SUGT1,0.9298263788223261,0.5750792622566221,0.694065928459167,0.45386987924575806,0.48418211936950684
G3BP1,Q13283,Q12800,29373831,TFCP2,0.9298263788223261,0.5750792622566221,0.156916409730911,0.302303969860076,0.5317626595497131
G3BP1,Q13283,P40763,29373831,STAT3,0.9298263788223261,0.5750792622566221,0.265841424465179,0.575161755084991,0.5287128686904907
G3BP1,Q13283,Q8IXH7,29373831,NELFCD,0.9298263788223261,0.5750792622566221,0.051773738116025,0.035724855959415006,0.6122612953186035
G3BP1,Q13283,Q9P2R7,29373831,SUCLA2,0.9298263788223261,0.5750792622566221,0.45370489358901905,0.630326390266418,0.29522237181663513
G3BP1,Q13283,P60763,29373831,RAC3,0.9298263788223261,0.5750792622566221,0.061330080032348,0.10046365112066201,0.15452800691127777
G3BP1,Q13283,Q32MZ4,29373831,LRRFIP1,0.9298263788223261,0.5750792622566221,0.855909526348114,0.8061230778694151,0.5416815876960754
G3BP1,Q13283,O00186,29373831,STXBP3,0.9298263788223261,0.5750792622566221,0.074269667267799,0.6993359327316281,0.3553529977798462
G3BP1,Q13283,Q16643,29373831,DBN1,0.9298263788223261,0.5750792622566221,0.8368625640869141,0.8208845853805541,0.5815926790237427
G3BP1,Q13283,Q9HCE1,29373831,MOV10,0.9298263788223261,0.5750792622566221,0.096921250224113,0.313997954130172,0.6931482553482056
G3BP1,Q13283,Q07955,29373831,SRSF1,0.9298263788223261,0.5750792622566221,0.887233912944793,0.9587386846542351,0.7065387964248657
G3BP1,Q13283,P67809,29373831,YBX1,0.9298263788223261,0.5750792622566221,0.939954459667205,0.940206825733184,0.7217614650726318
G3BP1,Q13283,P55209,29373831,NAP1L1,0.9298263788223261,0.5750792622566221,0.8579573631286621,0.8733450770378111,0.6400558352470398
G3BP1,Q13283,O00151,29373831,PDLIM1,0.9298263788223261,0.5750792622566221,0.650376677513122,0.9006045460700981,0.5386077165603638
G3BP1,Q13283,Q9BXB4,29373831,OSBPL11,0.9298263788223261,0.5750792622566221,0.42960634827613803,0.623948335647583,0.5289471745491028
G3BP1,Q13283,Q7L576,29373831,CYFIP1,0.9298263788223261,0.5750792622566221,0.112160339951515,0.359585225582122,0.5464984178543091
G3BP1,Q13283,Q96EP5,29373831,DAZAP1,0.9298263788223261,0.5750792622566221,0.927461624145507,0.676906406879425,0.6968820095062256
G3BP1,Q13283,Q9H0Z9,29373831,RBM38,0.9298263788223261,0.5750792622566221,0.207148909568786,0.054896898567676,0.7234650254249573
G3BP1,Q13283,P30626,29373831,SRI,0.9298263788223261,0.5750792622566221,0.722897291183471,0.7264519929885861,0.5482021570205688
G3BP1,Q13283,O00231,29373831,PSMD11,0.9298263788223261,0.5750792622566221,0.501027941703796,0.44122895598411505,0.41920948028564453
G3BP1,Q13283,Q99961,29373831,SH3GL1,0.9298263788223261,0.5750792622566221,0.30594214797019903,0.800811171531677,0.5550074577331543
G3BP1,Q13283,P60660,29373831,MYL6,0.9298263788223261,0.5750792622566221,0.632035076618194,0.7239663600921631,0.1888752430677414
G3BP1,Q13283,P31943,29373831,HNRNPH1,0.9298263788223261,0.5750792622566221,0.9446414113044731,0.944639801979064,0.6107138395309448
G3BP1,Q13283,P63241,29373831,EIF5A,0.9298263788223261,0.5750792622566221,0.45827165246009804,0.5510624647140501,0.44790467619895935
G3BP1,Q13283,Q13011,29373831,ECH1,0.9298263788223261,0.5750792622566221,0.31953877210617004,0.202884837985038,0.28324374556541443
G3BP1,Q13283,P51116,29373831,FXR2,0.9298263788223261,0.5750792622566221,0.909103691577911,0.93657237291336,0.7164093852043152
G3BP1,Q13283,O43491,29373831,EPB41L2,0.9298263788223261,0.5750792622566221,0.897768199443817,0.9571267366409301,0.46506571769714355
G3BP1,Q13283,P09543,29373831,CNP,0.9298263788223261,0.5750792622566221,0.7107940912246701,0.884762287139892,0.42022067308425903
G3BP1,Q13283,P28482,29373831,MAPK1,0.9298263788223261,0.5750792622566221,0.47409901022911005,0.308514386415481,0.4739910066127777
G3BP1,Q13283,Q9Y696,29373831,CLIC4,0.9298263788223261,0.5750792622566221,0.277522206306457,0.739923238754272,0.5306020975112915
G3BP1,Q13283,Q5VTE0,29373831,EEF1A1P5,0.9298263788223261,0.5750792622566221,0.062775894999504,0.169958546757698,0.4652957320213318
G3BP1,Q13283,Q9UJX3,29373831,ANAPC7,0.9298263788223261,0.5750792622566221,0.182438075542449,0.104448340833187,0.6221460103988647
G3BP1,Q13283,Q9HB71,29373831,CACYBP,0.9298263788223261,0.5750792622566221,0.6761005520820611,0.8408962488174431,0.48364806175231934
G3BP1,Q13283,P09651,29373831,HNRNPA1,0.9298263788223261,0.5750792622566221,0.949794888496398,0.9450014829635621,0.7257339954376221
G3BP1,Q13283,Q9Y2L1,29373831,DIS3,0.9298263788223261,0.5750792622566221,0.050956506282091,0.5370821952819821,0.6146302223205566
G3BP1,Q13283,Q9Y6Y8,29373831,SEC23IP,0.9298263788223261,0.5750792622566221,0.5655945539474481,0.7762953639030451,0.5652574300765991
G3BP1,Q13283,P08670,29373831,VIM,0.9298263788223261,0.5750792622566221,0.877829194068908,0.956689357757568,0.4636463522911072
G3BP1,Q13283,Q9UHB6,29373831,LIMA1,0.9298263788223261,0.5750792622566221,0.904221415519714,0.921862781047821,0.6105572581291199
G3BP1,Q13283,Q9NZ45,29373831,CISD1,0.9298263788223261,0.5750792622566221,0.160469025373458,0.578474700450897,0.48564499616622925
G3BP1,Q13283,Q14155,29373831,ARHGEF7,0.9298263788223261,0.5750792622566221,0.6780622005462641,0.554706454277038,0.45760202407836914
G3BP1,Q13283,Q8TEX9,29373831,IPO4,0.9298263788223261,0.5750792622566221,0.06273345649242401,0.041546378284692,0.5431320667266846
G3BP1,Q13283,P00338,29373831,LDHA,0.9298263788223261,0.5750792622566221,0.38485473394393904,0.48408657312393105,0.4867960512638092
G3BP1,Q13283,P84085,29373831,ARF5,0.9298263788223261,0.5750792622566221,0.344347596168518,0.146017521619796,0.08463092148303986
G3BP1,Q13283,P05455,29373831,SSB,0.9298263788223261,0.5750792622566221,0.7526218295097351,0.8608263731002801,0.750789225101471
G3BP1,Q13283,Q15366,29373831,PCBP2,0.9298263788223261,0.5750792622566221,0.5839635133743281,0.7900835275650021,0.6676270365715027
G3BP1,Q13283,O60506,29373831,SYNCRIP,0.9298263788223261,0.5750792622566221,0.9453929662704461,0.9018948674201961,0.7148197889328003
G3BP1,Q13283,Q01082,29373831,SPTBN1,0.9298263788223261,0.5750792622566221,0.7893882393836971,0.913645565509796,0.32488787174224854
G3BP1,Q13283,Q8N9N2,29373831,ASCC1,0.9298263788223261,0.5750792622566221,0.06393130123615201,0.206371545791625,0.4940440058708191
G3BP1,Q13283,Q92499,29373831,DDX1,0.9298263788223261,0.5750792622566221,0.388328939676284,0.785437881946563,0.6308131814002991
G3BP1,Q13283,O00139,29373831,KIF2A,0.9298263788223261,0.5750792622566221,0.688750624656677,0.8968793153762811,0.599284291267395
G3BP1,Q13283,P62495,29373831,ETF1,0.9298263788223261,0.5750792622566221,0.09626777470111801,0.571524500846862,0.4437527656555176
G3BP1,Q13283,O75347,29373831,TBCA,0.9298263788223261,0.5750792622566221,0.31938225030899003,0.5456191301345821,0.5150648951530457
G3BP1,Q13283,Q14126,29373831,DSG2,0.9298263788223261,0.5750792622566221,0.6336154937744141,0.6835451722145081,0.5249007344245911
G3BP1,Q13283,Q9Y2W1,29373831,THRAP3,0.9298263788223261,0.5750792622566221,0.9341565370559691,0.9023275375366211,0.725113570690155
G3BP1,Q13283,P16989,29373831,YBX3,0.9298263788223261,0.5750792622566221,0.883632659912109,0.8493958711624141,0.7065979242324829
G3BP1,Q13283,P32119,29373831,PRDX2,0.9298263788223261,0.5750792622566221,0.5649227499961851,0.5226668119430541,0.31357747316360474
G3BP1,Q13283,Q13263,29373831,TRIM28,0.9298263788223261,0.5750792622566221,0.845078289508819,0.9487810134887691,0.4884452819824219
G3BP1,Q13283,O14964,29373831,HGS,0.9298263788223261,0.5750792622566221,0.9234871864318841,0.841227650642395,0.5423609018325806
G3BP1,Q13283,Q8TB72,29373831,PUM2,0.9298263788223261,0.5750792622566221,0.9371489286422731,0.8310171961784361,0.7455059289932251
G3BP1,Q13283,P17028,29373831,ZNF24,0.9298263788223261,0.5750792622566221,0.751474618911743,0.688645720481872,0.23308596014976501
G3BP1,Q13283,Q9Y490,29373831,TLN1,0.9298263788223261,0.5750792622566221,0.8416451215744011,0.7748422026634211,0.5482249855995178
G3BP1,Q13283,Q92688,29373831,ANP32B,0.9298263788223261,0.5750792622566221,0.47042292356491006,0.611757814884185,0.5643065571784973
G3BP1,Q13283,Q9H9A6,29373831,LRRC40,0.9298263788223261,0.5750792622566221,0.066374942660331,0.064865365624427,0.08087406307458878
G3BP1,Q13283,Q99873,29373831,PRMT1,0.9298263788223261,0.5750792622566221,0.08781240880489301,0.23695997893810203,0.6462973952293396
G3BP1,Q13283,Q9BUF5,29373831,TUBB6,0.9298263788223261,0.5750792622566221,0.46941456198692305,0.5867041945457451,0.1483018696308136
G3BP1,Q13283,Q92900,29373831,UPF1,0.9298263788223261,0.5750792622566221,0.747238278388977,0.7646963596343991,0.7568865418434143
G3BP1,Q13283,O75822,29373831,EIF3J,0.9298263788223261,0.5750792622566221,0.7057785987854001,0.877881169319152,0.6143861413002014
G3BP1,Q13283,Q13085,29373831,ACACA,0.9298263788223261,0.5750792622566221,0.292677074670791,0.486463487148284,0.29130837321281433
G3BP1,Q13283,Q92615,29373831,LARP4B,0.9298263788223261,0.5750792622566221,0.7897013425827021,0.913986682891845,0.6226491928100586
G3BP1,Q13283,P19623,29373831,SRM,0.9298263788223261,0.5750792622566221,0.086182340979576,0.09100192040205,0.47133389115333557
G3BP1,Q13283,Q13200,29373831,PSMD2,0.9298263788223261,0.5750792622566221,0.20065245032310403,0.17577365040779103,0.47318363189697266
G3BP1,Q13283,Q15717,29373831,ELAVL1,0.9298263788223261,0.5750792622566221,0.7135714888572691,0.9461595416069031,0.731300950050354
G3BP1,Q13283,P04080,29373831,CSTB,0.9298263788223261,0.5750792622566221,0.25081118941307,0.44929274916648804,0.11702890694141388
G3BP1,Q13283,Q15032,29373831,R3HDM1,0.9298263788223261,0.5750792622566221,0.9339957237243651,0.8198994398117061,0.5556871891021729
G3BP1,Q13283,Q13045,29373831,FLII,0.9298263788223261,0.5750792622566221,0.048308093100786,0.677647411823272,0.5512887239456177
G3BP1,Q13283,Q5MY95,29373831,ENTPD8,0.9298263788223261,0.5750792622566221,0.08135998249053901,0.028161823749542004,0.0011611395748332143
G3BP1,Q13283,P07437,29373831,TUBB,0.9298263788223261,0.5750792622566221,0.43427926301956105,0.7308996915817261,0.48611679673194885
G3BP1,Q13283,P22830,29373831,FECH,0.9298263788223261,0.5750792622566221,0.05136143416166301,0.033293262124061,0.26778939366340637
G3BP1,Q13283,P61289,29373831,PSME3,0.9298263788223261,0.5750792622566221,0.391155660152435,0.766999900341033,0.6388167142868042
G3BP1,Q13283,O43707,29373831,ACTN4,0.9298263788223261,0.5750792622566221,0.8169784545898431,0.9432820081710811,0.45004501938819885
G3BP1,Q13283,Q9BV86,29373831,NTMT1,0.9298263788223261,0.5750792622566221,0.066603563725948,0.37253087759017905,0.700665295124054
G3BP1,Q13283,P17812,29373831,CTPS1,0.9298263788223261,0.5750792622566221,0.47465294599533003,0.553013741970062,0.1535322219133377
G3BP1,Q13283,Q04637,29373831,EIF4G1,0.9298263788223261,0.5750792622566221,0.926787078380584,0.8733658790588371,0.6897674798965454
G3BP1,Q13283,Q12849,29373831,GRSF1,0.9298263788223261,0.5750792622566221,0.371622174978256,0.32188338041305503,0.6181726455688477
G3BP1,Q13283,Q8IZH2,29373831,XRN1,0.9298263788223261,0.5750792622566221,0.385329663753509,0.270378917455673,0.6641458868980408
G3BP1,Q13283,Q8TE73,29373831,DNAH5,0.9298263788223261,0.5750792622566221,0.050245661288499006,0.33313423395156805,0.10013899952173233
G3BP1,Q13283,P51114,29373831,FXR1,0.9298263788223261,0.5750792622566221,0.8444389104843141,0.922883689403533,0.672927975654602
G3BP1,Q13283,Q9Y2J2,29373831,EPB41L3,0.9298263788223261,0.5750792622566221,0.8376559019088741,0.8468633890151971,0.7149391174316406
G3BP1,Q13283,P60842,29373831,EIF4A1,0.9298263788223261,0.5750792622566221,0.163012877106666,0.365247577428817,0.5443372130393982
G3BP1,Q13283,P68133,29373831,ACTA1,0.9298263788223261,0.5750792622566221,0.47695055603981,0.550331950187683,0.4842236638069153
G3BP1,Q13283,P31483,29373831,TIA1,0.9298263788223261,0.5750792622566221,0.939760565757751,0.748778879642486,0.727641224861145
G3BP1,Q13283,Q8WU90,29373831,ZC3H15,0.9298263788223261,0.5750792622566221,0.65602684020996,0.8166030645370481,0.6497871279716492
G3BP1,Q13283,Q15691,29373831,MAPRE1,0.9298263788223261,0.5750792622566221,0.46970167756080605,0.7065404653549191,0.48692360520362854
G3BP1,Q13283,Q5T6F2,29373831,UBAP2,0.9298263788223261,0.5750792622566221,0.9128952026367181,0.7844543457031251,0.5795459747314453
G3BP1,Q13283,P04792,29373831,HSPB1,0.9298263788223261,0.5750792622566221,0.370258599519729,0.786249041557312,0.6044716835021973
G3BP1,Q13283,O43432,29373831,EIF4G3,0.9298263788223261,0.5750792622566221,0.598862946033477,0.761226594448089,0.6340147852897644
G3BP1,Q13283,Q9BX68,29373831,HINT2,0.9298263788223261,0.5750792622566221,0.068319886922836,0.055493660271167006,0.2989092469215393
G3BP1,Q13283,O14974,29373831,PPP1R12A,0.9298263788223261,0.5750792622566221,0.909542202949523,0.9365397691726681,0.5512691736221313
G3BP1,Q13283,Q9NVI1,29373831,FANCI,0.9298263788223261,0.5750792622566221,0.0513351932168,0.126738861203193,0.6501442193984985
G3BP1,Q13283,P18206,29373831,VCL,0.9298263788223261,0.5750792622566221,0.6949307918548581,0.8427553176879881,0.6160967350006104
G3BP1,Q13283,Q15365,29373831,PCBP1,0.9298263788223261,0.5750792622566221,0.558648109436035,0.693042695522308,0.6906154751777649
G3BP1,Q13283,Q15061,29373831,WDR43,0.9298263788223261,0.5750792622566221,0.283370673656463,0.605357646942138,0.6829677224159241
G3BP1,Q13283,Q9H078,29373831,CLPB,0.9298263788223261,0.5750792622566221,0.13051126897335,0.6005147099494931,0.3462539613246918
G3BP1,Q13283,O95470,29373831,SGPL1,0.9298263788223261,0.5750792622566221,0.066514417529106,0.23698306083679202,0.04944078251719475
G3BP1,Q13283,Q8IWX8,29373831,CHERP,0.9298263788223261,0.5750792622566221,0.8930259943008421,0.8676603436470031,0.5927349328994751
G3BP1,Q13283,P13693,29373831,TPT1,0.9298263788223261,0.5750792622566221,0.754823505878448,0.9023587107658381,0.49801522493362427
G3BP1,Q13283,P49674,29373831,CSNK1E,0.9298263788223261,0.5750792622566221,0.7211455702781671,0.6434912085533141,0.52558434009552
G3BP1,Q13283,Q14847,29373831,LASP1,0.9298263788223261,0.5750792622566221,0.8743783235549921,0.9388374090194701,0.6505652666091919
G3BP1,Q13283,Q86TB9,29373831,PATL1,0.9298263788223261,0.5750792622566221,0.6750744581222531,0.5648705363273621,0.5239806771278381
G3BP1,Q13283,A5YKK6,29373831,CNOT1,0.9298263788223261,0.5750792622566221,0.16742576658725702,0.152645871043205,0.6049512624740601
G3BP1,Q13283,P49916,29373831,LIG3,0.9298263788223261,0.5750792622566221,0.37773716449737504,0.8514873385429381,0.6211001873016357
G3BP1,Q13283,Q06830,29373831,PRDX1,0.9298263788223261,0.5750792622566221,0.521877408027648,0.49929231405258107,0.4522555470466614
G3BP1,Q13283,P12277,29373831,CKB,0.9298263788223261,0.5750792622566221,0.6402564644813531,0.9374583959579461,0.4195071756839752
G3BP1,Q13283,P28066,29373831,PSMA5,0.9298263788223261,0.5750792622566221,0.25003248453140203,0.28775891661643904,0.5653209090232849
G3BP1,Q13283,Q01844,29373831,EWSR1,0.9298263788223261,0.5750792622566221,0.916039943695068,0.7953471541404721,0.760969340801239
G3BP1,Q13283,Q07666,29373831,KHDRBS1,0.9298263788223261,0.5750792622566221,0.9083193540573121,0.9576202630996701,0.7835009694099426
G3BP1,Q13283,Q8TEY7,29373831,USP33,0.9298263788223261,0.5750792622566221,0.055497683584690004,0.6437577009201051,0.4110974669456482
G3BP1,Q13283,P38159,29373831,RBMX,0.9298263788223261,0.5750792622566221,0.9100674390792841,0.9505215883255,0.7316325902938843
G3BP1,Q13283,A0FGR8,29373831,ESYT2,0.9298263788223261,0.5750792622566221,0.42114847898483204,0.7099205255508421,0.4215092062950134
G3BP1,Q13283,P25398,29373831,RPS12,0.9298263788223261,0.5750792622566221,0.258795738220214,0.385718286037445,0.5487594604492188
G3BP1,Q13283,P61221,29373831,ABCE1,0.9298263788223261,0.5750792622566221,0.092730425298213,0.24735823273658702,0.38552573323249817
G3BP1,Q13283,P61981,29373831,YWHAG,0.9298263788223261,0.5750792622566221,0.49775823950767506,0.869952976703643,0.6090545654296875
G3BP1,Q13283,O14654,29373831,IRS4,0.9298263788223261,0.5750792622566221,0.936857998371124,0.8807663917541501,0.6268734931945801
G3BP1,Q13283,P22234,29373831,PAICS,0.9298263788223261,0.5750792622566221,0.5264544486999511,0.6098111867904661,0.5646198987960815
G3BP1,Q13283,P43304,29373831,GPD2,0.9298263788223261,0.5750792622566221,0.33276262879371604,0.13705742359161302,0.24852171540260315
G3BP1,Q13283,Q14168,29373831,MPP2,0.9298263788223261,0.5750792622566221,0.172334522008895,0.44750055670738204,0.40981975197792053
G3BP1,Q13283,P24534,29373831,EEF1B2,0.9298263788223261,0.5750792622566221,0.7238967418670651,0.9477213621139521,0.572074294090271
G3BP1,Q13283,Q8IXT5,29373831,RBM12B,0.9298263788223261,0.5750792622566221,0.9063256978988641,0.8295412063598631,0.6405082941055298
G3BP1,Q13283,P0DMV8,29373831,HSPA1A,0.9298263788223261,0.5750792622566221,0.7300615310668941,0.923791587352752,0.629509449005127
G3BP1,Q13283,P13797,29373831,PLS3,0.9298263788223261,0.5750792622566221,0.256635755300521,0.580783009529113,0.44554829597473145
G3BP1,Q13283,Q6PL18,29373831,ATAD2,0.9298263788223261,0.5750792622566221,0.8693124055862421,0.941433310508728,0.5761088728904724
G3BP1,Q13283,O96005,29373831,CLPTM1,0.9298263788223261,0.5750792622566221,0.07093161344528101,0.11890216916799501,0.40083765983581543
G3BP1,Q13283,P62195,29373831,PSMC5,0.9298263788223261,0.5750792622566221,0.545134902000427,0.6701746582984921,0.4114181399345398
G3BP1,Q13283,P14550,29373831,AKR1A1,0.9298263788223261,0.5750792622566221,0.089609198272228,0.15914513170719102,0.4677751064300537
G3BP1,Q13283,Q9UBB4,29373831,ATXN10,0.9298263788223261,0.5750792622566221,0.047861639410257006,0.14462232589721602,0.39724063873291016
G3BP1,Q13283,Q9UQE7,29373831,SMC3,0.9298263788223261,0.5750792622566221,0.5335897803306581,0.860744476318359,0.5720146894454956
G3BP1,Q13283,Q9NNW5,29373831,WDR6,0.9298263788223261,0.5750792622566221,0.085609972476959,0.07718250155448901,0.5012177228927612
G3BP1,Q13283,Q9BTE7,29373831,DCUN1D5,0.9298263788223261,0.5750792622566221,0.06782718002796101,0.403595775365829,0.21184483170509338
G3BP1,Q13283,Q99613,29373831,EIF3C,0.9298263788223261,0.5750792622566221,0.831961274147033,0.740835726261138,0.6965550184249878
G3BP1,Q13283,Q08J23,29373831,NSUN2,0.9298263788223261,0.5750792622566221,0.8013815879821771,0.727116644382476,0.6697713732719421
G3BP1,Q13283,P52294,29373831,KPNA1,0.9298263788223261,0.5750792622566221,0.073590718209743,0.04773608595132801,0.7017331719398499
G3BP1,Q13283,Q9NRW3,29373831,APOBEC3C,0.9298263788223261,0.5750792622566221,0.060038603842258,0.047472581267356005,0.6919677257537842
G3BP1,Q13283,O14828,29373831,SCAMP3,0.9298263788223261,0.5750792622566221,0.508996605873107,0.314143240451812,0.5414352416992188
G3BP1,Q13283,P38432,29373831,COIL,0.9298263788223261,0.5750792622566221,0.942740082740783,0.876527309417724,0.690018892288208
G3BP1,Q13283,Q2NL82,29373831,TSR1,0.9298263788223261,0.5750792622566221,0.057914175093173,0.7781713604927061,0.5828845500946045
G3BP1,Q13283,P35637,29373831,FUS,0.9298263788223261,0.5750792622566221,0.9297906756401061,0.9113988876342771,0.7859522104263306
G3BP1,Q13283,Q9UBX3,29373831,SLC25A10,0.9298263788223261,0.5750792622566221,0.06817191094160001,0.029499296098947,0.34532466530799866
G3BP1,Q13283,P23526,29373831,AHCY,0.9298263788223261,0.5750792622566221,0.22080738842487302,0.19544091820716802,0.1283155232667923
G3BP1,Q13283,O75534,29373831,CSDE1,0.9298263788223261,0.5750792622566221,0.41829934716224604,0.8530446887016291,0.3543054163455963
G3BP1,Q13283,Q5BKZ1,29373831,ZNF326,0.9298263788223261,0.5750792622566221,0.932707965373992,0.956050992012023,0.6186157464981079
G3BP1,Q13283,Q15424,29373831,SAFB,0.9298263788223261,0.5750792622566221,0.9324207305908201,0.8896763920783991,0.765948474407196
G3BP1,Q13283,P00491,29373831,PNP,0.9298263788223261,0.5750792622566221,0.18894287943840002,0.509226739406585,0.34428033232688904
G3BP1,Q13283,Q9Y3F4,29373831,STRAP,0.9298263788223261,0.5750792622566221,0.288939893245697,0.477603584527969,0.449901819229126
G3BP1,Q13283,Q8WUM4,29373831,PDCD6IP,0.9298263788223261,0.5750792622566221,0.922251105308532,0.846085548400878,0.35390251874923706
G3BP1,Q13283,Q14444,29373831,CAPRIN1,0.9298263788223261,0.5750792622566221,0.9350892305374141,0.92366886138916,0.7168375253677368
G3BP1,Q13283,Q92783,29373831,STAM,0.9298263788223261,0.5750792622566221,0.715952575206756,0.6775991320610041,0.5123695135116577
G3BP1,Q13283,Q14011,29373831,CIRBP,0.9298263788223261,0.5750792622566221,0.923255264759063,0.902553856372833,0.7396255731582642
G3BP1,Q13283,Q9NRN7,29373831,AASDHPPT,0.9298263788223261,0.5750792622566221,0.052218914031982006,0.223225355148315,0.6401902437210083
G3BP1,Q13283,P60228,29373831,EIF3E,0.9298263788223261,0.5750792622566221,0.08015146851539601,0.246593624353408,0.558014988899231
G3BP1,Q13283,P55072,29373831,VCP,0.9298263788223261,0.5750792622566221,0.809028446674346,0.962984383106231,0.6015283465385437
G3BP1,Q13283,P11166,29373831,SLC2A1,0.9298263788223261,0.5750792622566221,0.068629845976829,0.049072910100221,0.2705923914909363
G3BP1,Q13283,Q7Z2W4,29373831,ZC3HAV1,0.9298263788223261,0.5750792622566221,0.832865834236145,0.9480621218681331,0.6342422366142273
G3BP1,Q13283,P12814,29373831,ACTN1,0.9298263788223261,0.5750792622566221,0.7187865972518921,0.8129337430000301,0.4543752074241638
G3BP1,Q13283,Q14738,29373831,PPP2R5D,0.9298263788223261,0.5750792622566221,0.8122348785400391,0.767141997814178,0.4740263819694519
G3BP1,Q13283,P48634,29373831,PRRC2A,0.9298263788223261,0.5750792622566221,0.920958399772644,0.771147608757019,0.6379582285881042
G3BP1,Q13283,Q9C037,29373831,TRIM4,0.9298263788223261,0.5750792622566221,0.051053337752819006,0.196572676301002,0.2278401404619217
G3BP1,Q13283,P31948,29373831,STIP1,0.9298263788223261,0.5750792622566221,0.557109355926513,0.8960386514663691,0.44625529646873474
G3BP1,Q13283,Q13217,29373831,DNAJC3,0.9298263788223261,0.5750792622566221,0.06106774881482101,0.631426811218261,0.41668611764907837
G3BP1,Q13283,P25786,29373831,PSMA1,0.9298263788223261,0.5750792622566221,0.537403404712677,0.73780083656311,0.4873628616333008
G3BP1,Q13283,P29558,29373831,RBMS1,0.9298263788223261,0.5750792622566221,0.819132804870605,0.8230159878730771,0.5726934671401978
G3BP1,Q13283,Q00577,29373831,PURA,0.9298263788223261,0.5750792622566221,0.883269131183624,0.8860314488410951,0.6960121393203735
G3BP1,Q13283,Q9H8H0,29373831,NOL11,0.9298263788223261,0.5750792622566221,0.05291674286127,0.079255141317844,0.6328647136688232
G3BP1,Q13283,Q6DD88,29373831,ATL3,0.9298263788223261,0.5750792622566221,0.048273034393787,0.132200509309768,0.4384463429450989
G3BP1,Q13283,Q9Y3I0,29373831,RTCB,0.9298263788223261,0.5750792622566221,0.05891989544034001,0.30335909128189004,0.6333092451095581
G3BP1,Q13283,Q16698,29373831,DECR1,0.9298263788223261,0.5750792622566221,0.06275808811187701,0.12468679249286602,0.5328116416931152
G3BP1,Q13283,P05091,29373831,ALDH2,0.9298263788223261,0.5750792622566221,0.41601595282554604,0.30504828691482505,0.17059959471225739
G3BP1,Q13283,P07237,29373831,P4HB,0.9298263788223261,0.5750792622566221,0.6238989233970641,0.944443225860595,0.4134911000728607
G3BP1,Q13283,Q15417,29373831,CNN3,0.9298263788223261,0.5750792622566221,0.8428123593330381,0.877371609210968,0.5582948923110962
G3BP1,Q13283,Q9NRZ9,29373831,HELLS,0.9298263788223261,0.5750792622566221,0.39841544628143305,0.9108760952949521,0.5855220556259155
G3BP1,Q13283,Q99417,29373831,MYCBP,0.9298263788223261,0.5750792622566221,0.05318383499979901,0.316636323928833,0.4584268033504486
G3BP1,Q13283,P53992,29373831,SEC24C,0.9298263788223261,0.5750792622566221,0.8983667492866511,0.7798554897308351,0.6472166776657104
G3BP1,Q13283,Q92878,29373831,RAD50,0.9298263788223261,0.5750792622566221,0.05076614767313,0.283144652843475,0.5611708760261536
G3BP1,Q13283,Q9UNF1,29373831,MAGED2,0.9298263788223261,0.5750792622566221,0.879879474639892,0.8091214299201961,0.546552836894989
G3BP1,Q13283,P98179,29373831,RBM3,0.9298263788223261,0.5750792622566221,0.9337990880012511,0.9459503889083861,0.7320707440376282
G3BP1,Q13283,P31942,29373831,HNRNPH3,0.9298263788223261,0.5750792622566221,0.9415428042411801,0.866362571716308,0.7511249780654907
G3BP1,Q13283,P83731,29373831,RPL24,0.9298263788223261,0.5750792622566221,0.705818772315979,0.818872332572937,0.5485739707946777
G3BP1,Q13283,Q92598,29373831,HSPH1,0.9298263788223261,0.5750792622566221,0.670248389244079,0.879881858825683,0.5626953840255737
G3BP1,Q13283,P26599,29373831,PTBP1,0.9298263788223261,0.5750792622566221,0.611766576766967,0.9069682359695431,0.742015540599823
G3BP1,Q13283,P62241,29373831,RPS8,0.9298263788223261,0.5750792622566221,0.818818569183349,0.927514731884002,0.6690896153450012
G3BP1,Q13283,P63010,29373831,AP2B1,0.9298263788223261,0.5750792622566221,0.12178151309490201,0.14100667834281902,0.5687698125839233
G3BP1,Q13283,P61956,29373831,SUMO2,0.9298263788223261,0.5750792622566221,0.564872145652771,0.5184779763221741,0.4067838788032532
G3BP1,Q13283,Q16629,29373831,SRSF7,0.9298263788223261,0.5750792622566221,0.8621246218681331,0.932452797889709,0.5922943353652954
G3BP1,Q13283,Q7Z739,29373831,YTHDF3,0.9298263788223261,0.5750792622566221,0.9342164993286131,0.743057370185852,0.7950356006622314
G3BP1,Q13283,P46013,29373831,MKI67,0.9298263788223261,0.5750792622566221,0.916103363037109,0.937224566936492,0.6572326421737671
G3BP1,Q13283,Q9BY67,29373831,CADM1,0.9298263788223261,0.5750792622566221,0.14569889008998801,0.085411623120307,0.52552330493927
G3BP1,Q13283,Q12955,29373831,ANK3,0.9298263788223261,0.5750792622566221,0.9034714698791501,0.7188084125518791,0.5876665115356445
G3BP1,Q13283,O60216,29373831,RAD21,0.9298263788223261,0.5750792622566221,0.7908409833908081,0.924137592315673,0.5207450985908508
G3BP1,Q13283,P49915,29373831,GMPS,0.9298263788223261,0.5750792622566221,0.0704136043787,0.351172655820846,0.46757322549819946
G3BP1,Q13283,O00291,29373831,HIP1,0.9298263788223261,0.5750792622566221,0.049401588737964006,0.24303218722343403,0.5347806215286255
G3BP1,Q13283,P52272,29373831,HNRNPM,0.9298263788223261,0.5750792622566221,0.8337320089340211,0.806473612785339,0.6451905369758606
G3BP1,Q13283,Q9BQE3,29373831,TUBA1C,0.9298263788223261,0.5750792622566221,0.35266977548599204,0.47796791791915805,0.3732648491859436
G3BP1,Q13283,Q7L2H7,29373831,EIF3M,0.9298263788223261,0.5750792622566221,0.116862103343009,0.29556757211685103,0.22658400237560272
G3BP1,Q13283,Q9BYJ9,29373831,YTHDF1,0.9298263788223261,0.5750792622566221,0.8564839363098141,0.6895709037780761,0.5949108004570007
G3BP1,Q13283,Q15056,29373831,EIF4H,0.9298263788223261,0.5750792622566221,0.915060639381408,0.959499537944793,0.7665983438491821
G3BP1,Q13283,P52597,29373831,HNRNPF,0.9298263788223261,0.5750792622566221,0.8528246879577631,0.9539771080017091,0.6909528970718384
G3BP1,Q13283,Q9HC35,29373831,EML4,0.9298263788223261,0.5750792622566221,0.704400539398193,0.753234386444091,0.5403801798820496
G3BP1,Q13283,P30825,29373831,SLC7A1,0.9298263788223261,0.5750792622566221,0.10353479534387501,0.029096176847815004,0.2686534523963928
G3BP1,Q13283,P43243,29373831,MATR3,0.9298263788223261,0.5750792622566221,0.898189544677734,0.9514467120170591,0.684294581413269
G3BP1,Q13283,O00425,29373831,IGF2BP3,0.9298263788223261,0.5750792622566221,0.408983945846557,0.649566054344177,0.7267897129058838
G3BP1,Q13283,P05198,29373831,EIF2S1,0.9298263788223261,0.5750792622566221,0.470835864543914,0.817609906196594,0.5696000456809998
G3BP1,Q13283,Q14669,29373831,TRIP12,0.9298263788223261,0.5750792622566221,0.873911201953887,0.627879917621612,0.6563000082969666
G3BP1,Q13283,Q96IZ0,29373831,PAWR,0.9298263788223261,0.5750792622566221,0.9096288681030271,0.8695710301399231,0.5344914793968201
G3BP1,Q13283,P55884,29373831,EIF3B,0.9298263788223261,0.5750792622566221,0.868870258331298,0.816324532032012,0.18546099960803986
G3BP1,Q13283,Q8WUY1,29373831,THEM6,0.9298263788223261,0.5750792622566221,0.09153719246387401,0.12979923188686301,0.10219476372003555
G3BP1,Q13283,P60891,29373831,PRPS1,0.9298263788223261,0.5750792622566221,0.133691325783729,0.11581566184759101,0.3029330372810364
G3BP1,Q13283,Q9NZB2,29373831,FAM120A,0.9298263788223261,0.5750792622566221,0.8501178622245781,0.8586925268173211,0.700236976146698
G3BP1,Q13283,P15924,29373831,DSP,0.9298263788223261,0.5750792622566221,0.909830927848815,0.9332560300827021,0.4511120915412903
G3BP1,Q13283,Q53EL6,29373831,PDCD4,0.9298263788223261,0.5750792622566221,0.7060028910636901,0.9523789286613461,0.6798300743103027
G3BP1,Q13283,P30101,29373831,PDIA3,0.9298263788223261,0.5750792622566221,0.812806963920593,0.9501544237136841,0.4532603323459625
G3BP1,Q13283,P28074,29373831,PSMB5,0.9298263788223261,0.5750792622566221,0.6885803937911981,0.625554978847503,0.4068182408809662
G3BP1,Q13283,O15145,29373831,ARPC3,0.9298263788223261,0.5750792622566221,0.066608771681785,0.20502261817455203,0.5212712287902832
G3BP1,Q13283,P25787,29373831,PSMA2,0.9298263788223261,0.5750792622566221,0.45887202024459806,0.466933548450469,0.5162096619606018
G3BP1,Q13283,Q6P5R6,29373831,RPL22L1,0.9298263788223261,0.5750792622566221,0.44480744004249506,0.616244196891784,0.44477421045303345
G3BP1,Q13283,Q86V48,29373831,LUZP1,0.9298263788223261,0.5750792622566221,0.912929415702819,0.9477760195732111,0.5730894804000854
G3BP1,Q13283,Q9Y520,29373831,PRRC2C,0.9298263788223261,0.5750792622566221,0.9226905703544611,0.859529852867126,0.6200203895568848
G3BP1,Q13283,P48556,29373831,PSMD8,0.9298263788223261,0.5750792622566221,0.053505681455135005,0.06127739697694701,0.28860917687416077
G3BP1,Q13283,Q8WVC6,29373831,DCAKD,0.9298263788223261,0.5750792622566221,0.059403348714113006,0.13548420369625,0.09815090149641037
G3BP1,Q13283,Q9Y6M1,29373831,IGF2BP2,0.9298263788223261,0.5750792622566221,0.7169618606567381,0.877931773662567,0.7817713618278503
G3BP1,Q13283,Q96JJ7,29373831,TMX3,0.9298263788223261,0.5750792622566221,0.053623307496309,0.36097604036331105,0.3887596130371094
G3BP1,Q13283,P26196,29373831,DDX6,0.9298263788223261,0.5750792622566221,0.7578027248382561,0.9421802759170531,0.5355223417282104
G3BP1,Q13283,Q15233,29373831,NONO,0.9298263788223261,0.5750792622566221,0.860897421836853,0.8866117596626281,0.7289655804634094
G3BP1,Q13283,Q96I24,29373831,FUBP3,0.9298263788223261,0.5750792622566221,0.927373111248016,0.896067440509796,0.6816366314888
G3BP1,Q13283,Q96CX2,29373831,KCTD12,0.9298263788223261,0.5750792622566221,0.7864254713058471,0.8309144973754881,0.5952557325363159
G3BP1,Q13283,Q8IYB8,29373831,SUPV3L1,0.9298263788223261,0.5750792622566221,0.061744749546051005,0.108195759356021,0.75165194272995
G3BP1,Q13283,P35580,29373831,MYH10,0.9298263788223261,0.5750792622566221,0.296926200389862,0.704195320606231,0.5568137764930725
G3BP1,Q13283,Q96HC4,29373831,PDLIM5,0.9298263788223261,0.5750792622566221,0.625373423099517,0.9276987910270691,0.6026380658149719
G3BP1,Q13283,P11586,29373831,MTHFD1,0.9298263788223261,0.5750792622566221,0.24410028755664803,0.452267229557037,0.36700013279914856
G3BP1,Q13283,Q5JSZ5,29373831,PRRC2B,0.9298263788223261,0.5750792622566221,0.9129469990730281,0.7642971277236931,0.6172756552696228
G3BP1,Q13283,Q02978,29373831,SLC25A11,0.9298263788223261,0.5750792622566221,0.31386828422546303,0.118067905306816,0.5092225074768066
G3BP1,Q13283,P10599,29373831,TXN,0.9298263788223261,0.5750792622566221,0.25156646966934204,0.41846185922622603,0.4317299425601959
G3BP1,Q13283,Q96F86,29373831,EDC3,0.9298263788223261,0.5750792622566221,0.6413281559944151,0.819340884685516,0.6315032243728638
G3BP1,Q13283,Q9NYF8,29373831,BCLAF1,0.9298263788223261,0.5750792622566221,0.9303821325302121,0.892946720123291,0.7381829023361206
G3BP1,Q13283,Q9Y3B9,29373831,RRP15,0.9298263788223261,0.5750792622566221,0.8387848138809201,0.8932383656501771,0.7223158478736877
G3BP1,Q13283,P26232,29373831,CTNNA2,0.9298263788223261,0.5750792622566221,0.05253133177757201,0.254921674728393,0.36460036039352417
G3BP1,Q13283,Q96RQ3,29373831,MCCC1,0.9298263788223261,0.5750792622566221,0.22183601558208402,0.345619857311248,0.17192965745925903
G3BP1,Q13283,Q9BZI7,29373831,UPF3B,0.9298263788223261,0.5750792622566221,0.761556684970855,0.817986607551574,0.7208399772644043
G3BP1,Q13283,Q8ND56,29373831,LSM14A,0.9298263788223261,0.5750792622566221,0.931010067462921,0.93739902973175,0.687113881111145
G3BP1,Q13283,Q9UHI6,29373831,DDX20,0.9298263788223261,0.5750792622566221,0.6811448335647581,0.7236361503601071,0.42257919907569885
G3BP1,Q13283,Q9NZI8,29373831,IGF2BP1,0.9298263788223261,0.5750792622566221,0.525628864765167,0.7955076098442071,0.7405258417129517
G3BP1,Q13283,Q00688,29373831,FKBP3,0.9298263788223261,0.5750792622566221,0.7359288334846491,0.759637236595153,0.5810983777046204
G3BP1,Q13283,P29692,29373831,EEF1D,0.9298263788223261,0.5750792622566221,0.824298679828643,0.9590794444084161,0.7118605375289917
G3BP1,Q13283,P35080,29373831,PFN2,0.9298263788223261,0.5750792622566221,0.387543857097625,0.308571249246597,0.4114949107170105
G3BP1,Q13283,P09960,29373831,LTA4H,0.9298263788223261,0.5750792622566221,0.08595047891139901,0.087506279349327,0.36774033308029175
G3BP1,Q13283,Q14677,29373831,CLINT1,0.9298263788223261,0.5750792622566221,0.9442812800407411,0.9377695322036741,0.6812165975570679
G3BP1,Q13283,Q13347,29373831,EIF3I,0.9298263788223261,0.5750792622566221,0.43557196855545005,0.8053156733512871,0.546495795249939
G3BP1,Q13283,Q5SW79,29373831,CEP170,0.9298263788223261,0.5750792622566221,0.9201251864433281,0.9506286382675171,0.591620683670044
G3BP1,Q13283,P37802,29373831,TAGLN2,0.9298263788223261,0.5750792622566221,0.605953514575958,0.8738718032836911,0.5176531672477722
G3BP1,Q13283,P27348,29373831,YWHAQ,0.9298263788223261,0.5750792622566221,0.391722947359085,0.8240553140640251,0.5316065549850464
G3BP1,Q13283,Q9NT62,29373831,ATG3,0.9298263788223261,0.5750792622566221,0.051620054990053,0.700250446796417,0.3935404419898987
G3BP1,Q13283,Q96CS3,29373831,FAF2,0.9298263788223261,0.5750792622566221,0.271441161632537,0.63299161195755,0.39848557114601135
G3BP1,Q13283,Q14103,29373831,HNRNPD,0.9298263788223261,0.5750792622566221,0.9480615854263301,0.9498662948608391,0.7645736932754517
G3BP1,Q13283,Q8N9F7,29373831,GDPD1,0.9298263788223261,0.5750792622566221,0.07618688791990201,0.039942614734172,0.1837725192308426
G3BP1,Q13283,Q58FF8,29373831,HSP90AB2P,0.9298263788223261,0.5750792622566221,0.5739169716835021,0.5569796562194821,0.25849640369415283
G3BP1,Q13283,P51648,29373831,ALDH3A2,0.9298263788223261,0.5750792622566221,0.054093427956104,0.06557263433933201,0.4600645899772644
G3BP1,Q13283,O75340,29373831,PDCD6,0.9298263788223261,0.5750792622566221,0.555430233478546,0.6684528589248651,0.583710789680481
G3BP1,Q13283,Q9NVH1,29373831,DNAJC11,0.9298263788223261,0.5750792622566221,0.050475589931011006,0.593347549438476,0.4003409743309021
G3BP1,Q13283,P11142,29373831,HSPA8,0.9298263788223261,0.5750792622566221,0.8378546833992001,0.9269744753837581,0.5314948558807373
G3BP1,Q13283,O75880,29373831,SCO1,0.9298263788223261,0.5750792622566221,0.053956232964992,0.621415436267852,0.4965657591819763
G3BP1,Q13283,Q01085,29373831,TIAL1,0.9298263788223261,0.5750792622566221,0.921915829181671,0.862836241722106,0.6207218170166016
G3BP1,Q13283,P08133,29373831,ANXA6,0.9298263788223261,0.5750792622566221,0.739409565925598,0.774959444999694,0.362113893032074
G3BP1,Q13283,P11171,29373831,EPB41,0.9298263788223261,0.5750792622566221,0.799695134162902,0.9051154851913451,0.6747632622718811
G3BP1,Q13283,Q05519,29373831,SRSF11,0.9298263788223261,0.5750792622566221,0.9022965431213371,0.9531205892562861,0.6293431520462036
G3BP1,Q13283,Q8TEQ6,29373831,GEMIN5,0.9298263788223261,0.5750792622566221,0.05076773092150601,0.5525881052017211,0.6829305291175842
G3BP1,Q13283,P23588,29373831,EIF4B,0.9298263788223261,0.5750792622566221,0.9116272926330561,0.8763440251350401,0.735221266746521
G3BP1,Q13283,P63261,29373831,ACTG1,0.9298263788223261,0.5750792622566221,0.484309136867523,0.554189801216125,0.37582945823669434
G3BP1,Q13283,O15020,29373831,SPTBN2,0.9298263788223261,0.5750792622566221,0.116727575659751,0.704844117164611,0.35813674330711365
G3BP1,Q13283,Q15555,29373831,MAPRE2,0.9298263788223261,0.5750792622566221,0.701876103878021,0.511281907558441,0.6693242788314819
G3BP1,Q13283,P14923,29373831,JUP,0.9298263788223261,0.5750792622566221,0.398642510175704,0.5219264030456541,0.4560992121696472
G3BP1,Q13283,P30260,29373831,CDC27,0.9298263788223261,0.5750792622566221,0.614138484001159,0.887655556201934,0.6196820735931396
G3BP1,Q13283,Q14562,29373831,DHX8,0.9298263788223261,0.5750792622566221,0.084005445241928,0.840636730194091,0.704562783241272
G3BP1,Q13283,Q7KZF4,29373831,SND1,0.9298263788223261,0.5750792622566221,0.7212389111518861,0.8198496103286741,0.6761329174041748
G3BP1,Q13283,Q16543,29373831,CDC37,0.9298263788223261,0.5750792622566221,0.8181125521659851,0.8317760229110711,0.3511325716972351
G3BP1,Q13283,Q96CM8,29373831,ACSF2,0.9298263788223261,0.5750792622566221,0.059909045696258004,0.43583852052688604,0.17473170161247253
G3BP1,Q13283,Q15181,29373831,PPA1,0.9298263788223261,0.5750792622566221,0.68950217962265,0.679451048374176,0.564167320728302
G3BP1,Q13283,Q9UNM6,29373831,PSMD13,0.9298263788223261,0.5750792622566221,0.11599316447973201,0.11986756324768001,0.4244299530982971
G3BP1,Q13283,Q6RW13,29373831,AGTRAP,0.9298263788223261,0.5750792622566221,0.130791127681732,0.158661350607872,0.2706186771392822
G3BP1,Q13283,Q7Z434,29373831,MAVS,0.9298263788223261,0.5750792622566221,0.6838797330856321,0.8008372187614441,0.5508438944816589
G3BP1,Q13283,P07737,29373831,PFN1,0.9298263788223261,0.5750792622566221,0.448358535766601,0.5157226920127861,0.5867101550102234
G3BP1,Q13283,Q9UKV3,29373831,ACIN1,0.9298263788223261,0.5750792622566221,0.9040901064872741,0.8478371500968931,0.7043599486351013
G3BP1,Q13283,Q9Y266,29373831,NUDC,0.9298263788223261,0.5750792622566221,0.8782745599746701,0.8706012964248651,0.5888741612434387
G3BP1,Q13283,Q01804,29373831,OTUD4,0.9298263788223261,0.5750792622566221,0.7899363040924071,0.5325272679328911,0.6158598065376282
G3BP1,Q13283,Q9Y265,29373831,RUVBL1,0.9298263788223261,0.5750792622566221,0.30482253432273804,0.496859163045883,0.6342076659202576
G3BP1,Q13283,Q9UHD1,29373831,CHORDC1,0.9298263788223261,0.5750792622566221,0.7221664786338801,0.868266284465789,0.6245764493942261
G3BP1,Q13283,P35611,29373831,ADD1,0.9298263788223261,0.5750792622566221,0.8414958119392391,0.892990469932556,0.5680281519889832
G3BP1,Q13283,Q15008,29373831,PSMD6,0.9298263788223261,0.5750792622566221,0.06280018389225,0.28034189343452404,0.5096927881240845
G3BP1,Q13283,Q86X55,29373831,CARM1,0.9298263788223261,0.5750792622566221,0.22862672805786102,0.12013120949268301,0.5847896337509155
G3BP1,Q13283,Q92973,29373831,TNPO1,0.9298263788223261,0.5750792622566221,0.053282566368579004,0.039996415376663,0.557115912437439
G3BP1,Q13283,Q6PKG0,29373831,LARP1,0.9298263788223261,0.5750792622566221,0.9120828509330751,0.960067927837371,0.7487958669662476
G3BP1,Q13283,P50416,29373831,CPT1A,0.9298263788223261,0.5750792622566221,0.058218084275722004,0.06634537875652301,0.17170196771621704
G3BP1,Q13283,Q00059,29373831,TFAM,0.9298263788223261,0.5750792622566221,0.789280533790588,0.743642687797546,0.44139471650123596
G3BP1,Q13283,Q9Y2Q3,29373831,GSTK1,0.9298263788223261,0.5750792622566221,0.12192430347204201,0.23597738146781902,0.17489419877529144
G3BP1,Q13283,P63167,29373831,DYNLL1,0.9298263788223261,0.5750792622566221,0.28347134590148904,0.45365136861801103,0.5082095861434937
G3BP1,Q13283,O76003,29373831,GLRX3,0.9298263788223261,0.5750792622566221,0.11750246584415401,0.21727700531482602,0.4031845033168793
G3BP1,Q13283,O95456,29373831,PSMG1,0.9298263788223261,0.5750792622566221,0.156476527452468,0.46877136826515203,0.42721834778785706
G3BP1,Q13283,Q99729,29373831,HNRNPAB,0.9298263788223261,0.5750792622566221,0.920922875404357,0.9196254611015321,0.7134383320808411
G3BP1,Q13283,Q9Y3B7,29373831,MRPL11,0.9298263788223261,0.5750792622566221,0.25663229823112405,0.21421368420124,0.5418705940246582
G3BP1,Q13283,P50995,29373831,ANXA11,0.9298263788223261,0.5750792622566221,0.94578617811203,0.7565143704414361,0.5575229525566101
G3BP1,Q13283,P05556,29373831,ITGB1,0.9298263788223261,0.5750792622566221,0.053682554513216005,0.611055016517639,0.3488995432853699
G3BP1,Q13283,O95758,29373831,PTBP3,0.9298263788223261,0.5750792622566221,0.42364820837974504,0.45767813920974704,0.7650308609008789
G3BP1,Q13283,P15121,29373831,AKR1B1,0.9298263788223261,0.5750792622566221,0.24231943488121002,0.12630149722099301,0.2701941132545471
G3BP1,Q13283,Q99615,29373831,DNAJC7,0.9298263788223261,0.5750792622566221,0.049237769097089004,0.557966768741607,0.5981281995773315
G3BP1,Q13283,Q9Y4W6,29373831,AFG3L2,0.9298263788223261,0.5750792622566221,0.06611200422048501,0.293616086244583,0.505149245262146
G3BP1,Q13283,P42694,29373831,HELZ,0.9298263788223261,0.5750792622566221,0.8446741104125971,0.836807429790496,0.5973356366157532
G3BP1,Q13283,Q6P2E9,29373831,EDC4,0.9298263788223261,0.5750792622566221,0.72339904308319,0.47514921426773005,0.6617661118507385
G3BP1,Q13283,Q13907,29373831,IDI1,0.9298263788223261,0.5750792622566221,0.16106155514717102,0.547687888145446,0.05832470580935478
G3BP1,Q13283,Q16637,29373831,SMN2,0.9298263788223261,0.5750792622566221,0.806497931480407,0.8147256970405571,0.5980772376060486
